Date,Temperature [Fahrenheit],DewPoint [Fahrenheit],Humidity [%],SeaLevelPressure [inches],Wind [mph],DayOfWeek,Month
2013-12-21,60,49.0,75.0,29.68,4.0,5,12
2013-12-22,48,36.0,68.0,30.13,6.0,6,12
2013-12-23,45,27.0,52.0,30.49,3.0,0,12
2013-12-24,46,28.0,56.0,30.45,4.0,1,12
2013-12-25,50,40.0,71.0,30.33,2.0,2,12
2013-12-26,48,36.0,63.0,30.4,3.0,3,12
2013-12-27,53,39.0,65.0,30.39,1.0,4,12
2013-12-28,51,39.0,64.0,30.17,2.0,5,12
2013-12-29,50,41.0,76.0,30.1,5.0,6,12
2013-12-30,40,26.0,60.0,30.33,5.0,0,12
2013-12-31,46,28.0,54.0,30.39,1.0,1,12
2014-01-01,54,42.0,68.0,30.11,4.0,2,1
2014-01-02,44,26.0,55.0,30.37,8.0,3,1
2014-01-03,43,22.0,49.0,30.35,4.0,4,1
2014-01-04,57,48.0,68.0,29.95,7.0,5,1
2014-01-05,47,32.0,59.0,30.08,10.0,6,1
2014-01-06,29,8.0,38.0,30.68,7.0,0,1
2014-01-07,35,11.0,43.0,30.52,5.0,1,1
2014-01-08,47,45.0,75.0,30.2,1.0,2,1
2014-01-09,62,55.0,80.0,30.11,3.0,3,1
2014-01-10,65,61.0,81.0,29.87,6.0,4,1
2014-01-11,62,37.0,53.0,30.06,3.0,5,1
2014-01-12,57,47.0,68.0,30.01,4.0,6,1
2014-01-13,57,36.0,51.0,30.01,7.0,0,1
2014-01-14,57,25.0,41.0,30.13,5.0,1,1
2014-01-15,52,23.0,35.0,30.33,4.0,2,1
2014-01-16,56,27.0,38.0,30.13,4.0,3,1
2014-01-17,54,20.0,31.0,30.29,5.0,4,1
2014-01-18,54,33.0,45.0,30.19,2.0,5,1
2014-01-19,59,30.0,39.0,30.22,3.0,6,1
2014-01-20,64,36.0,44.0,30.0,5.0,0,1
2014-01-21,51,23.0,39.0,30.31,6.0,1,1
2014-01-22,54,27.0,45.0,30.11,4.0,2,1
2014-01-23,42,29.0,64.0,30.47,9.0,3,1
2014-01-24,33,17.0,60.0,30.63,5.0,4,1
2014-01-25,48,27.0,53.0,30.19,1.0,5,1
2014-01-26,60,39.0,52.0,29.84,3.0,6,1
2014-01-27,47,23.0,44.0,30.09,9.0,0,1
2014-01-28,33,14.0,48.0,30.4,6.0,1,1
2014-01-29,38,13.0,42.0,30.41,5.0,2,1
2014-01-30,48,36.0,64.0,30.06,7.0,3,1
2014-01-31,68,54.0,64.0,29.87,9.0,4,1
2014-02-01,66,59.0,71.0,29.81,6.0,5,2
2014-02-02,45,33.0,69.0,30.09,11.0,6,2
2014-02-03,40,33.0,74.0,30.17,6.0,0,2
2014-02-04,53,41.0,68.0,29.95,2.0,1,2
2014-02-05,40,26.0,60.0,30.37,10.0,2,2
2014-02-06,29,15.0,54.0,30.48,8.0,3,2
2014-02-07,34,24.0,68.0,30.32,3.0,4,2
2014-02-08,51,36.0,63.0,30.17,5.0,5,2
2014-02-09,59,45.0,70.0,30.05,4.0,6,2
2014-02-10,48,36.0,74.0,30.15,9.0,0,2
2014-02-11,35,29.0,80.0,30.24,9.0,1,2
2014-02-12,45,29.0,57.0,30.18,5.0,2,2
2014-02-13,51,34.0,58.0,30.02,4.0,3,2
2014-02-14,67,37.0,51.0,29.93,6.0,4,2
2014-02-15,59,35.0,43.0,30.09,5.0,5,2
2014-02-16,68,57.0,74.0,30.01,5.0,6,2
2014-02-17,70,50.0,52.0,30.03,5.0,0,2
2014-02-18,69,53.0,55.0,30.0,4.0,1,2
2014-02-19,73,60.0,70.0,29.85,7.0,2,2
2014-02-20,70,50.0,48.0,29.85,8.0,3,2
2014-02-21,57,27.0,43.0,30.11,5.0,4,2
2014-02-22,63,46.0,53.0,29.96,6.0,5,2
2014-02-23,74,56.0,57.0,29.95,4.0,6,2
2014-02-24,66,51.0,65.0,30.04,4.0,0,2
2014-02-25,62,60.0,85.0,30.01,5.0,1,2
2014-02-26,44,33.0,63.0,30.18,8.0,2,2
2014-02-27,45,27.0,56.0,30.1,3.0,3,2
2014-02-28,62,46.0,60.0,29.85,6.0,4,2
2014-03-01,68,57.0,74.0,29.95,5.0,5,3
2014-03-02,51,45.0,79.0,30.05,10.0,6,3
2014-03-03,36,20.0,56.0,30.33,10.0,0,3
2014-03-04,40,31.0,72.0,30.18,4.0,1,3
2014-03-05,46,39.0,76.0,30.06,3.0,2,3
2014-03-06,54,38.0,62.0,30.18,4.0,3,3
2014-03-07,53,42.0,65.0,29.99,6.0,4,3
2014-03-08,52,49.0,88.0,30.09,4.0,5,3
2014-03-09,49,39.0,71.0,30.29,5.0,6,3
2014-03-10,61,51.0,69.0,30.08,3.0,0,3
2014-03-11,70,54.0,66.0,29.77,5.0,1,3
2014-03-12,60,28.0,36.0,30.13,11.0,2,3
2014-03-13,52,26.0,35.0,30.26,4.0,3,3
2014-03-14,62,51.0,68.0,30.04,5.0,4,3
2014-03-15,68,62.0,81.0,29.86,4.0,5,3
2014-03-16,56,45.0,66.0,29.9,11.0,6,3
2014-03-17,55,26.0,36.0,29.94,6.0,0,3
2014-03-18,65,42.0,49.0,29.74,8.0,1,3
2014-03-19,62,37.0,52.0,30.07,6.0,2,3
2014-03-20,59,36.0,52.0,30.15,2.0,3,3
2014-03-21,67,54.0,69.0,29.95,7.0,4,3
2014-03-22,69,62.0,80.0,29.95,4.0,5,3
2014-03-23,54,43.0,62.0,30.19,9.0,6,3
2014-03-24,58,42.0,58.0,30.14,3.0,0,3
2014-03-25,57,38.0,61.0,30.24,5.0,1,3
2014-03-26,60,47.0,57.0,30.08,10.0,2,3
2014-03-27,72,63.0,78.0,29.83,8.0,3,3
2014-03-28,76,61.0,64.0,29.79,5.0,4,3
2014-03-29,64,40.0,43.0,30.18,5.0,5,3
2014-03-30,62,43.0,56.0,30.13,8.0,6,3
2014-03-31,73,57.0,65.0,29.93,9.0,0,3
2014-04-01,76,64.0,71.0,29.92,8.0,1,4
2014-04-02,76,67.0,78.0,29.8,9.0,2,4
2014-04-03,77,67.0,74.0,29.74,7.0,3,4
2014-04-04,64,35.0,58.0,30.03,8.0,4,4
2014-04-05,60,38.0,48.0,29.99,4.0,5,4
2014-04-06,57,49.0,76.0,29.81,5.0,6,4
2014-04-07,62,49.0,69.0,29.92,3.0,0,4
2014-04-08,64,38.0,57.0,30.14,8.0,1,4
2014-04-09,65,42.0,51.0,30.17,6.0,2,4
2014-04-10,72,53.0,59.0,30.01,10.0,3,4
2014-04-11,73,59.0,65.0,29.98,8.0,4,4
2014-04-12,75,62.0,66.0,29.91,10.0,5,4
2014-04-13,73,66.0,79.0,29.76,7.0,6,4
2014-04-14,58,46.0,65.0,29.96,10.0,0,4
2014-04-15,52,25.0,39.0,30.27,4.0,1,4
2014-04-16,57,40.0,56.0,30.06,7.0,2,4
2014-04-17,62,57.0,85.0,30.09,4.0,3,4
2014-04-18,69,57.0,68.0,30.17,2.0,4,4
2014-04-19,66,54.0,68.0,30.12,5.0,5,4
2014-04-20,68,59.0,77.0,30.1,6.0,6,4
2014-04-21,74,63.0,72.0,30.01,5.0,0,4
2014-04-22,75,58.0,61.0,29.96,3.0,1,4
2014-04-23,73,61.0,68.0,29.85,7.0,2,4
2014-04-24,78,62.0,63.0,29.82,5.0,3,4
2014-04-25,76,54.0,51.0,29.92,6.0,4,4
2014-04-26,77,66.0,73.0,29.78,8.0,5,4
2014-04-27,85,66.0,51.0,29.55,6.0,6,4
2014-04-28,80,39.0,39.0,29.61,4.0,0,4
2014-04-29,72,34.0,36.0,29.77,7.0,1,4
2014-04-30,66,33.0,32.0,30.08,6.0,2,4
2014-05-01,65,33.0,39.0,30.12,3.0,3,5
2014-05-02,70,35.0,33.0,30.02,3.0,4,5
2014-05-03,76,35.0,27.0,30.0,4.0,5,5
2014-05-04,76,37.0,27.0,30.02,7.0,6,5
2014-05-05,76,56.0,61.0,29.91,8.0,0,5
2014-05-06,76,62.0,66.0,29.81,9.0,1,5
2014-05-07,79,64.0,65.0,29.81,9.0,2,5
2014-05-08,79,70.0,75.0,29.81,8.0,3,5
2014-05-09,76,68.0,69.0,29.89,5.0,4,5
2014-05-10,76,62.0,71.0,29.84,6.0,5,5
2014-05-11,83,67.0,63.0,29.77,10.0,6,5
2014-05-12,72,70.0,87.0,29.84,7.0,0,5
2014-05-13,61,54.0,73.0,30.09,8.0,1,5
2014-05-14,64,43.0,57.0,30.24,7.0,2,5
2014-05-15,65,41.0,55.0,30.22,3.0,3,5
2014-05-16,74,43.0,40.0,30.06,7.0,4,5
2014-05-17,73,55.0,58.0,29.97,9.0,5,5
2014-05-18,74,59.0,67.0,30.03,8.0,6,5
2014-05-19,76,61.0,65.0,30.0,10.0,0,5
2014-05-20,78,62.0,63.0,30.01,9.0,1,5
2014-05-21,80,64.0,61.0,30.02,8.0,2,5
2014-05-22,79,65.0,70.0,30.05,7.0,3,5
2014-05-23,78,67.0,69.0,30.03,6.0,4,5
2014-05-24,78,68.0,79.0,29.99,7.0,5,5
2014-05-25,80,66.0,66.0,29.98,6.0,6,5
2014-05-26,70,65.0,83.0,30.0,5.0,0,5
2014-05-27,68,64.0,86.0,29.95,3.0,1,5
2014-05-28,76,66.0,74.0,29.88,4.0,2,5
2014-05-29,78,63.0,66.0,29.85,2.0,3,5
2014-05-30,81,65.0,60.0,29.82,3.0,4,5
2014-05-31,82,67.0,63.0,29.85,3.0,5,5
2014-06-01,80,69.0,69.0,29.9,4.0,6,6
2014-06-02,83,69.0,67.0,29.91,7.0,0,6
2014-06-03,83,70.0,67.0,29.96,6.0,1,6
2014-06-04,83,70.0,70.0,29.86,7.0,2,6
2014-06-05,83,70.0,72.0,29.82,7.0,3,6
2014-06-06,83,70.0,70.0,29.88,7.0,4,6
2014-06-07,83,70.0,71.0,29.89,7.0,5,6
2014-06-08,83,70.0,67.0,29.88,7.0,6,6
2014-06-09,77,71.0,78.0,29.81,4.0,0,6
2014-06-10,78,61.0,64.0,29.85,3.0,1,6
2014-06-11,80,66.0,64.0,29.83,5.0,2,6
2014-06-12,80,72.0,68.0,29.82,8.0,3,6
2014-06-13,79,71.4,75.0,29.95,4.0,4,6
2014-06-14,92,70.8,77.0,29.93,6.0,5,6
2014-06-15,83,70.2,74.5,29.9,9.0,6,6
2014-06-16,84,69.6,72.0,29.99,8.0,0,6
2014-06-17,84,69.0,69.0,29.99,9.0,1,6
2014-06-18,85,72.0,68.0,29.96,9.0,2,6
2014-06-19,84,71.0,68.0,30.0,6.0,3,6
2014-06-20,83,71.0,69.0,30.04,5.0,4,6
2014-06-21,84,72.0,72.0,29.99,6.0,5,6
2014-06-22,83,72.0,70.0,29.9,8.0,6,6
2014-06-23,78,72.0,75.0,29.93,4.0,0,6
2014-06-24,84,72.0,72.0,30.0,4.0,1,6
2014-06-25,80,72.0,77.0,30.01,5.0,2,6
2014-06-26,80,71.0,76.0,29.95,7.0,3,6
2014-06-27,83,72.0,69.0,29.87,8.0,4,6
2014-06-28,86,73.0,69.0,29.88,9.0,5,6
2014-06-29,86,73.0,69.0,29.97,9.0,6,6
2014-06-30,87,71.0,64.0,29.94,8.0,0,6
2014-07-01,86,70.0,64.0,29.92,6.0,1,7
2014-07-02,85,69.0,64.0,30.0,4.0,2,7
2014-07-03,84,69.0,62.0,30.08,3.0,3,7
2014-07-04,82,68.0,67.0,30.15,4.0,4,7
2014-07-05,82,69.0,70.0,30.12,4.0,5,7
2014-07-06,84,70.0,72.0,30.03,5.0,6,7
2014-07-07,85,67.0,61.0,29.97,5.0,0,7
2014-07-08,86,68.0,63.0,29.99,7.0,1,7
2014-07-09,85,66.0,59.0,30.0,6.0,2,7
2014-07-10,84,68.0,64.0,30.01,5.0,3,7
2014-07-11,83,67.0,60.0,30.09,5.0,4,7
2014-07-12,85,66.0,59.0,30.1,4.0,5,7
2014-07-13,87,67.0,63.0,30.03,4.0,6,7
2014-07-14,88,67.0,55.0,29.96,4.0,0,7
2014-07-15,83,71.0,71.0,29.96,3.0,1,7
2014-07-16,84,71.0,68.0,29.95,4.0,2,7
2014-07-17,82,74.0,77.0,29.86,5.0,3,7
2014-07-18,75,71.0,87.0,29.93,3.0,4,7
2014-07-19,78,68.0,76.0,29.99,2.0,5,7
2014-07-20,84,72.0,73.0,29.96,4.0,6,7
2014-07-21,87,73.0,70.0,29.97,6.0,0,7
2014-07-22,86,72.0,68.0,30.01,2.0,1,7
2014-07-23,86,71.0,66.0,30.0,3.0,2,7
2014-07-24,84,72.0,70.0,29.99,3.0,3,7
2014-07-25,86,70.0,63.0,29.96,5.0,4,7
2014-07-26,87,71.0,66.0,29.95,6.0,5,7
2014-07-27,87,71.0,64.0,30.0,6.0,6,7
2014-07-28,87,69.0,62.0,30.05,3.0,0,7
2014-07-29,87,70.0,63.0,30.03,4.0,1,7
2014-07-30,86,68.0,60.0,29.97,6.0,2,7
2014-07-31,87,71.0,64.0,29.94,4.0,3,7
2014-08-01,82,65.0,59.0,29.98,5.0,4,8
2014-08-02,79,66.0,70.0,30.02,3.0,5,8
2014-08-03,83,66.0,62.0,30.0,4.0,6,8
2014-08-04,83,69.0,66.0,29.98,3.0,0,8
2014-08-05,85,68.0,61.0,29.99,3.0,1,8
2014-08-06,88,68.0,64.0,29.96,5.0,2,8
2014-08-07,90,71.0,59.0,29.9,6.0,3,8
2014-08-08,89,70.0,60.0,29.89,6.0,4,8
2014-08-09,89,68.0,60.0,29.94,5.0,5,8
2014-08-10,89,69.0,58.0,29.96,4.0,6,8
2014-08-11,89,71.0,62.0,30.0,3.0,0,8
2014-08-12,87,66.0,62.0,29.99,4.0,1,8
2014-08-13,83,57.0,45.0,30.01,4.0,2,8
2014-08-14,84,61.0,50.0,29.97,4.0,3,8
2014-08-15,88,69.0,58.0,29.95,5.0,4,8
2014-08-16,91,69.0,57.0,29.88,7.0,5,8
2014-08-17,90,71.0,56.0,29.92,6.0,6,8
2014-08-18,90,71.0,59.0,29.9,7.0,0,8
2014-08-19,87,68.0,55.0,29.87,7.0,1,8
2014-08-20,90,71.0,57.0,29.92,8.0,2,8
2014-08-21,92,71.0,55.0,29.98,9.0,3,8
2014-08-22,91,69.0,55.0,29.99,8.0,4,8
2014-08-23,88,69.0,62.0,29.94,6.0,5,8
2014-08-24,89,70.0,59.0,29.9,5.0,6,8
2014-08-25,89,67.0,59.0,29.9,5.0,0,8
2014-08-26,89,68.0,52.0,29.93,4.0,1,8
2014-08-27,87,66.0,58.0,29.96,4.0,2,8
2014-08-28,88,71.0,61.0,29.89,5.0,3,8
2014-08-29,87,72.0,64.0,29.87,5.0,4,8
2014-08-30,85,72.0,69.0,29.91,4.0,5,8
2014-08-31,87,72.0,68.0,29.93,7.0,6,8
2014-09-01,90,72.0,62.0,29.9,8.0,0,9
2014-09-02,88,73.0,66.0,29.91,8.0,1,9
2014-09-03,88,70.0,61.0,29.95,6.0,2,9
2014-09-04,86,74.0,65.0,30.0,5.0,3,9
2014-09-05,87,73.0,63.0,30.02,4.0,4,9
2014-09-06,86,71.0,67.0,30.01,3.0,5,9
2014-09-07,82,72.0,78.0,30.04,3.0,6,9
2014-09-08,84,69.0,70.0,29.97,3.0,0,9
2014-09-09,86,69.0,63.0,29.9,6.0,1,9
2014-09-10,88,71.0,63.0,29.83,7.0,2,9
2014-09-11,89,71.0,60.0,29.89,5.0,3,9
2014-09-12,81,70.0,67.0,30.0,5.0,4,9
2014-09-13,63,60.0,92.0,30.19,5.0,5,9
2014-09-14,71,64.0,87.0,30.16,2.0,6,9
2014-09-15,79,68.0,76.0,30.09,2.0,0,9
2014-09-16,84,72.0,70.0,30.01,3.0,1,9
2014-09-17,83,74.0,75.0,29.93,3.0,2,9
2014-09-18,81,73.0,78.0,29.88,2.0,3,9
2014-09-19,80,74.0,85.0,29.89,3.0,4,9
2014-09-20,82,73.0,78.0,29.94,3.0,5,9
2014-09-21,81,70.0,71.0,30.01,3.0,6,9
2014-09-22,81,68.0,69.0,30.07,4.0,0,9
2014-09-23,76,58.0,57.0,30.09,3.0,1,9
2014-09-24,72,56.0,64.0,30.1,2.0,2,9
2014-09-25,73,62.0,74.0,30.1,3.0,3,9
2014-09-26,76,64.0,71.0,30.06,3.0,4,9
2014-09-27,74,66.0,78.0,30.0,2.0,5,9
2014-09-28,77,65.0,72.0,29.98,3.0,6,9
2014-09-29,78,64.0,68.0,29.92,2.0,0,9
2014-09-30,78,65.0,70.0,29.83,2.0,1,9
2014-10-01,84,70.0,68.0,29.79,5.0,2,10
2014-10-02,84,72.0,72.0,29.82,7.0,3,10
2014-10-03,75,51.0,44.0,30.06,7.0,4,10
2014-10-04,70,48.0,51.0,30.12,4.0,5,10
2014-10-05,75,62.0,69.0,29.9,6.0,6,10
2014-10-06,81,69.0,73.0,29.86,6.0,0,10
2014-10-07,83,70.0,67.0,29.92,5.0,1,10
2014-10-08,82,70.0,70.0,29.98,6.0,2,10
2014-10-09,84,71.0,69.0,29.93,7.0,3,10
2014-10-10,84,70.0,66.0,29.89,7.0,4,10
2014-10-11,69,62.0,85.0,30.04,5.0,5,10
2014-10-12,69,63.0,86.0,29.88,2.0,6,10
2014-10-13,69,59.0,63.0,29.8,10.0,0,10
2014-10-14,66,43.0,49.0,30.09,5.0,1,10
2014-10-15,72,46.0,46.0,30.06,2.0,2,10
2014-10-16,72,49.0,50.0,29.94,4.0,3,10
2014-10-17,74,60.0,69.0,29.9,3.0,4,10
2014-10-18,76,64.0,67.0,30.0,2.0,5,10
2014-10-19,74,63.0,74.0,30.06,2.0,6,10
2014-10-20,73,61.0,73.0,30.02,2.0,0,10
2014-10-21,71,55.0,61.0,30.03,3.0,1,10
2014-10-22,72,59.0,67.0,30.06,2.0,2,10
2014-10-23,75,59.0,64.0,30.09,2.0,3,10
2014-10-24,73,59.0,64.0,30.12,2.0,4,10
2014-10-25,75,59.0,62.0,30.11,2.0,5,10
2014-10-26,74,58.0,62.0,29.98,4.0,6,10
2014-10-27,74,61.0,67.0,29.89,6.0,0,10
2014-10-28,75,65.0,74.0,29.99,2.0,1,10
2014-10-29,73,62.0,68.0,30.1,3.0,2,10
2014-10-30,73,59.0,72.0,30.1,2.0,3,10
2014-10-31,66,49.0,60.0,30.22,7.0,4,10
2014-11-01,58,39.0,54.0,30.34,5.0,5,11
2014-11-02,62,45.0,61.0,30.26,6.0,6,11
2014-11-03,68,59.0,72.0,30.12,6.0,0,11
2014-11-04,67,63.0,87.0,30.09,5.0,1,11
2014-11-05,57,56.0,97.0,30.16,6.0,2,11
2014-11-06,59,51.0,75.0,30.28,4.0,3,11
2014-11-07,60,41.0,53.0,30.19,2.0,4,11
2014-11-08,62,47.0,67.0,30.1,4.0,5,11
2014-11-09,61,43.0,59.0,30.07,3.0,6,11
2014-11-10,63,53.0,70.0,29.83,6.0,0,11
2014-11-11,54,41.0,67.0,30.03,7.0,1,11
2014-11-12,44,23.0,50.0,30.34,9.0,2,11
2014-11-13,36,13.0,43.0,30.52,8.0,3,11
2014-11-14,38,17.0,44.0,30.4,3.0,4,11
2014-11-15,44,39.0,72.0,30.14,4.0,5,11
2014-11-16,42,45.0,91.0,30.0,6.0,6,11
2014-11-17,42,21.0,52.0,30.4,6.0,0,11
2014-11-18,43,23.0,51.0,30.48,2.0,1,11
2014-11-19,51,38.0,64.0,30.27,3.0,2,11
2014-11-20,57,57.0,85.0,30.08,3.0,3,11
2014-11-21,68,65.0,90.0,30.05,5.0,4,11
2014-11-22,63,62.0,97.0,29.86,7.0,5,11
2014-11-23,67,48.0,62.0,29.64,5.0,6,11
2014-11-24,53,32.0,47.0,30.06,5.0,0,11
2014-11-25,53,33.0,53.0,30.26,3.0,1,11
2014-11-26,60,33.0,40.0,30.22,3.0,2,11
2014-11-27,53,33.0,52.0,30.45,4.0,3,11
2014-11-28,57,45.0,62.0,30.24,4.0,4,11
2014-11-29,65,57.0,75.0,30.02,7.0,5,11
2014-11-30,72,62.0,71.0,30.03,7.0,6,11
2014-12-01,54,42.0,69.0,30.31,6.0,0,12
2014-12-02,45,32.0,63.0,30.33,4.0,1,12
2014-12-03,54,50.0,88.0,30.18,1.0,2,12
2014-12-04,62,61.0,94.0,30.11,3.0,3,12
2014-12-05,69,64.0,82.0,30.08,5.0,4,12
2014-12-06,62,51.0,72.0,30.32,6.0,5,12
2014-12-07,54,48.0,83.0,30.33,4.0,6,12
2014-12-08,58,46.0,69.0,30.32,3.0,0,12
2014-12-09,56,45.0,70.0,30.31,1.0,1,12
2014-12-10,57,50.0,75.0,30.2,1.0,2,12
2014-12-11,62,57.0,85.0,30.18,5.0,3,12
2014-12-12,65,57.0,78.0,30.23,5.0,4,12
2014-12-13,65,57.0,79.0,30.15,5.0,5,12
2014-12-14,68,62.0,82.0,29.94,6.0,6,12
2014-12-15,63,51.0,58.0,29.99,5.0,0,12
2014-12-16,55,34.0,47.0,30.28,5.0,1,12
2014-12-17,51,44.0,75.0,30.14,4.0,2,12
2014-12-18,55,51.0,92.0,30.1,3.0,3,12
2014-12-19,53,48.0,89.0,30.12,7.0,4,12
2014-12-20,52,45.0,82.0,30.21,3.0,5,12
2014-12-21,53,49.0,83.0,30.02,5.0,6,12
2014-12-22,67,52.0,63.0,29.7,5.0,0,12
2014-12-23,51,40.0,66.0,29.81,8.0,1,12
2014-12-24,46,32.0,62.0,30.11,6.0,2,12
2014-12-25,49,33.0,61.0,30.05,6.0,3,12
2014-12-26,64,57.0,83.0,29.93,5.0,4,12
2014-12-27,54,49.0,79.0,30.09,8.0,5,12
2014-12-28,40,30.0,71.0,30.25,4.0,6,12
2014-12-29,49,36.0,68.0,30.14,2.0,0,12
2014-12-30,43,40.0,87.0,30.36,6.0,1,12
2014-12-31,39,29.0,70.0,30.48,8.0,2,12
2015-01-01,37,35.0,82.0,30.25,5.0,3,1
2015-01-02,41,39.0,95.0,30.08,5.0,4,1
2015-01-03,51,40.0,74.0,29.99,3.0,5,1
2015-01-04,43,30.0,69.0,30.48,7.0,6,1
2015-01-05,41,23.0,54.0,30.6,4.0,0,1
2015-01-06,54,32.0,50.0,30.38,2.0,1,1
2015-01-07,41,27.0,54.0,30.58,9.0,2,1
2015-01-08,30,12.0,48.0,30.54,5.0,3,1
2015-01-09,36,26.0,62.0,30.48,6.0,4,1
2015-01-10,34,31.0,76.0,30.42,3.0,5,1
2015-01-11,42,39.0,90.0,30.21,3.0,6,1
2015-01-12,43,41.0,88.0,30.28,5.0,0,1
2015-01-13,39,33.0,83.0,30.43,7.0,1,1
2015-01-14,39,36.0,86.0,30.33,5.0,2,1
2015-01-15,49,36.0,68.0,30.33,4.0,3,1
2015-01-16,51,38.0,64.0,30.29,3.0,4,1
2015-01-17,54,40.0,63.0,30.13,3.0,5,1
2015-01-18,59,30.0,37.0,30.28,3.0,6,1
2015-01-19,56,41.0,59.0,30.04,3.0,0,1
2015-01-20,61,44.0,59.0,29.94,3.0,1,1
2015-01-21,53,50.0,84.0,30.07,6.0,2,1
2015-01-22,47,46.0,91.0,30.07,10.0,3,1
2015-01-23,45,38.0,77.0,30.26,6.0,4,1
2015-01-24,50,36.0,62.0,30.2,4.0,5,1
2015-01-25,57,34.0,53.0,30.11,6.0,6,1
2015-01-26,60,37.0,43.0,30.21,5.0,0,1
2015-01-27,67,40.0,47.0,30.15,6.0,1,1
2015-01-28,62,42.0,60.0,30.12,4.0,2,1
2015-01-29,66,49.0,68.0,30.22,4.0,3,1
2015-01-30,53,36.0,52.0,30.37,6.0,4,1
2015-01-31,56,51.0,80.0,30.04,4.0,5,1
2015-02-01,59,54.0,77.0,29.98,7.0,6,2
2015-02-02,41,24.0,48.0,30.35,6.0,0,2
2015-02-03,42,37.0,76.0,30.27,2.0,1,2
2015-02-04,49,45.0,92.0,30.13,2.0,2,2
2015-02-05,45,35.0,77.0,30.38,7.0,3,2
2015-02-06,49,38.0,69.0,30.37,3.0,4,2
2015-02-07,55,46.0,71.0,30.08,5.0,5,2
2015-02-08,68,56.0,72.0,29.9,6.0,6,2
2015-02-09,68,44.0,49.0,30.07,3.0,0,2
2015-02-10,64,44.0,57.0,29.99,4.0,1,2
2015-02-11,65,49.0,64.0,30.03,5.0,2,2
2015-02-12,53,34.0,51.0,30.35,7.0,3,2
2015-02-13,55,38.0,58.0,30.31,2.0,4,2
2015-02-14,63,47.0,60.0,30.22,3.0,5,2
2015-02-15,63,58.0,80.0,30.02,5.0,6,2
2015-02-16,51,39.0,79.0,30.03,9.0,0,2
2015-02-17,45,27.0,59.0,30.25,7.0,1,2
2015-02-18,49,29.0,56.0,30.31,4.0,2,2
2015-02-19,54,40.0,61.0,30.25,5.0,3,2
2015-02-20,65,56.0,72.0,29.92,9.0,4,2
2015-02-21,67,56.0,69.0,29.88,6.0,5,2
2015-02-22,47,44.0,80.0,30.14,7.0,6,2
2015-02-23,34,29.0,87.0,30.45,9.0,0,2
2015-02-24,34,29.0,84.0,30.24,4.0,1,2
2015-02-25,49,34.0,64.0,29.94,3.0,2,2
2015-02-26,43,31.0,74.0,30.19,7.0,3,2
2015-02-27,34,25.0,72.0,30.38,7.0,4,2
2015-02-28,34,31.0,93.0,30.31,5.0,5,2
2015-03-01,39,38.0,95.0,30.29,6.0,6,3
2015-03-02,42,40.0,95.0,30.28,4.0,0,3
2015-03-03,52,49.0,95.0,29.98,1.0,1,3
2015-03-04,52,56.0,95.0,29.9,6.0,2,3
2015-03-05,39,25.0,61.0,30.45,10.0,3,3
2015-03-06,42,23.0,54.0,30.56,2.0,4,3
2015-03-07,49,30.0,56.0,30.4,2.0,5,3
2015-03-08,51,48.0,69.0,30.17,3.0,6,3
2015-03-09,52,49.0,97.0,29.96,4.0,0,3
2015-03-10,57,50.0,78.0,30.04,4.0,1,3
2015-03-11,57,50.0,79.0,30.2,6.0,2,3
2015-03-12,63,52.0,73.0,30.1,5.0,3,3
2015-03-13,66,52.0,68.0,30.0,3.0,4,3
2015-03-14,66,49.0,61.0,30.1,6.0,5,3
2015-03-15,60,51.0,72.0,30.26,3.0,6,3
2015-03-16,65,56.0,73.0,30.21,3.0,0,3
2015-03-17,70,63.0,82.0,30.11,3.0,1,3
2015-03-18,71,61.0,74.0,29.99,4.0,2,3
2015-03-19,73,64.0,79.0,29.95,5.0,3,3
2015-03-20,64,61.0,89.0,30.09,4.0,4,3
2015-03-21,58,56.0,95.0,30.08,4.0,5,3
2015-03-22,68,57.0,75.0,30.03,4.0,6,3
2015-03-23,66,56.0,73.0,30.06,3.0,0,3
2015-03-24,71,60.0,72.0,29.97,7.0,1,3
2015-03-25,73,61.0,72.0,29.91,8.0,2,3
2015-03-26,62,48.0,62.0,30.03,10.0,3,3
2015-03-27,64,36.0,44.0,30.15,4.0,4,3
2015-03-28,66,44.0,54.0,30.08,5.0,5,3
2015-03-29,71,56.0,67.0,30.06,8.0,6,3
2015-03-30,72,62.0,76.0,30.11,5.0,0,3
2015-03-31,74,62.0,74.0,30.0,7.0,1,3
2015-04-01,76,65.0,71.0,29.92,7.0,2,4
2015-04-02,76,66.0,76.0,29.9,8.0,3,4
2015-04-03,76,62.0,67.0,29.98,7.0,4,4
2015-04-04,63,44.0,53.0,30.24,8.0,5,4
2015-04-05,64,59.0,78.0,30.0,4.0,6,4
2015-04-06,75,65.0,76.0,29.94,7.0,0,4
2015-04-07,78,65.0,71.0,29.96,8.0,1,4
2015-04-08,74,67.0,81.0,29.92,8.0,2,4
2015-04-09,79,67.0,73.0,29.86,7.0,3,4
2015-04-10,65,53.0,70.0,30.08,5.0,4,4
2015-04-11,65,62.0,86.0,30.04,3.0,5,4
2015-04-12,75,67.0,81.0,29.91,5.0,6,4
2015-04-13,76,65.0,67.0,29.86,4.0,0,4
2015-04-14,67,55.0,67.0,30.04,6.0,1,4
2015-04-15,69,56.0,69.0,29.97,4.0,2,4
2015-04-16,74,66.0,78.0,29.91,4.0,3,4
2015-04-17,71,65.0,81.0,29.92,4.0,4,4
2015-04-18,66,63.0,82.0,29.87,4.0,5,4
2015-04-19,73,58.0,60.0,29.8,6.0,6,4
2015-04-20,64,43.0,48.0,29.98,6.0,0,4
2015-04-21,66,53.0,66.0,29.95,5.0,1,4
2015-04-22,74,65.0,79.0,29.89,7.0,2,4
2015-04-23,77,69.0,85.0,29.87,4.0,3,4
2015-04-24,77,72.0,85.0,29.82,5.0,4,4
2015-04-25,82,64.0,61.0,29.74,5.0,5,4
2015-04-26,78,69.0,77.0,29.65,8.0,6,4
2015-04-27,74,62.0,66.0,29.68,4.0,0,4
2015-04-28,59,52.0,74.0,29.98,8.0,1,4
2015-04-29,63,45.0,61.0,30.05,5.0,2,4
2015-04-30,67,49.0,60.0,29.99,3.0,3,4
2015-05-01,70,52.0,60.0,30.02,2.0,4,5
2015-05-02,71,53.0,58.0,30.02,4.0,5,5
2015-05-03,71,58.0,67.0,29.98,6.0,6,5
2015-05-04,75,63.0,71.0,30.02,8.0,0,5
2015-05-05,75,67.0,77.0,29.95,7.0,1,5
2015-05-06,79,69.0,74.0,29.91,8.0,2,5
2015-05-07,78,71.0,81.0,29.87,9.0,3,5
2015-05-08,76,73.0,88.0,29.87,6.0,4,5
2015-05-09,79,71.0,79.0,29.82,9.0,5,5
2015-05-10,82,71.0,71.0,29.8,10.0,6,5
2015-05-11,74,67.0,78.0,29.99,5.0,0,5
2015-05-12,67,65.0,91.0,30.14,5.0,1,5
2015-05-13,67,66.0,97.0,30.08,4.0,2,5
2015-05-14,78,71.0,83.0,30.03,5.0,3,5
2015-05-15,72,68.0,87.0,29.95,4.0,4,5
2015-05-16,77,70.0,79.0,29.85,9.0,5,5
2015-05-17,75,68.0,83.0,29.94,5.0,6,5
2015-05-18,81,72.0,77.0,30.03,5.0,0,5
2015-05-19,82,72.0,73.0,29.99,8.0,1,5
2015-05-20,81,72.0,75.0,29.94,5.0,2,5
2015-05-21,69,63.0,84.0,30.08,6.0,3,5
2015-05-22,70,67.0,91.0,30.08,4.0,4,5
2015-05-23,77,71.0,83.0,30.02,7.0,5,5
2015-05-24,73,68.0,81.0,29.89,6.0,6,5
2015-05-25,74,69.0,87.0,29.84,5.0,0,5
2015-05-26,78,69.0,80.0,29.95,6.0,1,5
2015-05-27,76,70.0,82.0,30.03,5.0,2,5
2015-05-28,78,73.0,80.0,30.01,6.0,3,5
2015-05-29,77,66.0,76.0,29.95,5.0,4,5
2015-05-30,79,68.0,74.0,30.0,2.0,5,5
2015-05-31,77,64.0,67.0,30.06,2.0,6,5
2015-06-01,76,65.0,70.0,30.03,2.0,0,6
2015-06-02,79,66.0,70.0,29.96,2.0,1,6
2015-06-03,78,66.0,69.0,29.91,5.0,2,6
2015-06-04,78,66.0,68.0,29.95,4.0,3,6
2015-06-05,80,68.0,72.0,30.0,4.0,4,6
2015-06-06,80,67.0,72.0,29.97,3.0,5,6
2015-06-07,81,67.0,71.0,29.94,4.0,6,6
2015-06-08,82,68.0,67.0,29.95,3.0,0,6
2015-06-09,84,67.0,60.0,29.89,3.0,1,6
2015-06-10,83,68.0,62.0,29.83,4.0,2,6
2015-06-11,84,70.0,71.0,29.8,7.0,3,6
2015-06-12,84,73.0,70.0,29.82,6.0,4,6
2015-06-13,85,72.0,70.0,29.84,7.0,5,6
2015-06-14,79,73.0,87.0,29.89,6.0,6,6
2015-06-15,82,73.0,78.0,29.93,4.0,0,6
2015-06-16,78,73.0,84.0,29.9,7.0,1,6
2015-06-17,81,74.0,83.0,29.85,5.0,2,6
2015-06-18,82,73.0,82.0,29.95,4.0,3,6
2015-06-19,78,73.0,87.0,30.02,1.0,4,6
2015-06-20,78,73.0,90.0,30.02,3.0,5,6
2015-06-21,79,75.0,85.0,30.03,4.0,6,6
2015-06-22,81,74.0,84.0,30.06,5.0,0,6
2015-06-23,84,73.0,73.0,30.1,5.0,1,6
2015-06-24,83,73.0,78.0,30.12,3.0,2,6
2015-06-25,83,72.0,76.0,30.06,4.0,3,6
2015-06-26,85,73.0,73.0,29.98,6.0,4,6
2015-06-27,83,73.0,75.0,29.99,1.0,5,6
2015-06-28,82,73.0,73.0,30.0,2.0,6,6
2015-06-29,84,72.0,75.0,29.97,5.0,0,6
2015-06-30,84,73.0,76.0,30.01,4.0,1,6
2015-07-01,81,71.0,78.0,30.01,4.0,2,7
2015-07-02,81,71.0,78.0,29.98,6.0,3,7
2015-07-03,84,72.0,69.0,29.96,6.0,4,7
2015-07-04,84,73.0,73.0,29.98,7.0,5,7
2015-07-05,84,73.0,75.0,30.0,7.0,6,7
2015-07-06,84,72.0,72.0,29.99,8.0,0,7
2015-07-07,85,73.0,71.0,29.95,8.0,1,7
2015-07-08,85,72.0,69.0,29.98,8.0,2,7
2015-07-09,85,71.0,65.0,30.03,8.0,3,7
2015-07-10,84,70.0,68.0,30.06,6.0,4,7
2015-07-11,83,70.0,69.0,30.1,5.0,5,7
2015-07-12,84,71.0,67.0,30.05,5.0,6,7
2015-07-13,86,71.0,69.0,29.93,5.0,0,7
2015-07-14,86,69.0,61.0,29.87,6.0,1,7
2015-07-15,85,70.0,64.0,29.91,6.0,2,7
2015-07-16,85,70.0,69.0,29.95,6.0,3,7
2015-07-17,86,72.0,66.0,29.94,7.0,4,7
2015-07-18,88,72.0,65.0,29.96,7.0,5,7
2015-07-19,87,72.0,65.0,29.97,6.0,6,7
2015-07-20,86,71.0,66.0,29.93,5.0,0,7
2015-07-21,86,71.0,66.0,29.88,6.0,1,7
2015-07-22,87,72.0,64.0,29.89,7.0,2,7
2015-07-23,88,70.0,62.0,29.95,7.0,3,7
2015-07-24,88,71.0,62.0,29.98,6.0,4,7
2015-07-25,87,70.0,66.0,29.95,5.0,5,7
2015-07-26,87,72.0,67.0,29.89,6.0,6,7
2015-07-27,89,72.0,62.0,29.9,6.0,0,7
2015-07-28,89,71.0,63.0,29.93,8.0,1,7
2015-07-29,89,71.0,61.0,29.99,6.0,2,7
2015-07-30,88,66.0,55.0,30.01,2.0,3,7
2015-07-31,90,68.0,52.0,29.97,4.0,4,7
2015-08-01,86,61.0,47.0,29.94,3.0,5,8
2015-08-02,88,61.0,48.0,29.88,3.0,6,8
2015-08-03,87,64.0,54.0,29.86,4.0,0,8
2015-08-04,89,70.0,62.0,29.9,6.0,1,8
2015-08-05,90,71.0,59.0,29.93,7.0,2,8
2015-08-06,90,71.0,59.0,29.89,7.0,3,8
2015-08-07,89,70.0,61.0,29.87,6.0,4,8
2015-08-08,90,73.0,66.0,29.86,10.0,5,8
2015-08-09,89,71.75,65.0,29.8825,8.0,6,8
2015-08-10,90,70.5,62.0,29.905,6.0,0,8
2015-08-11,90,69.25,52.5,29.9275,4.5,1,8
2015-08-12,92,68.0,43.0,29.95,3.0,2,8
2015-08-13,91,67.0,51.0,29.94,3.0,3,8
2015-08-14,90,69.0,58.0,29.95,4.0,4,8
2015-08-15,89,66.0,54.0,29.96,3.0,5,8
2015-08-16,87,67.0,58.0,29.93,4.0,6,8
2015-08-17,86,68.0,61.0,29.91,4.0,0,8
2015-08-18,88,70.0,62.0,29.84,7.0,1,8
2015-08-19,89,72.0,62.0,29.8,6.0,2,8
2015-08-20,79,71.0,78.0,29.94,4.0,3,8
2015-08-21,82,71.0,73.0,29.96,5.0,4,8
2015-08-22,87,73.0,65.0,29.92,6.0,5,8
2015-08-23,89,72.0,64.0,29.97,5.0,6,8
2015-08-24,89,68.0,58.0,30.0,2.0,0,8
2015-08-25,89,68.0,56.0,30.01,3.0,1,8
2015-08-26,86,68.0,62.0,30.05,3.0,2,8
2015-08-27,86,64.0,56.0,30.01,4.0,3,8
2015-08-28,85,60.0,50.0,29.95,4.0,4,8
2015-08-29,83,63.0,55.0,29.98,3.0,5,8
2015-08-30,86,65.0,55.0,29.97,3.0,6,8
2015-08-31,86,67.0,59.0,29.97,5.0,0,8
2015-09-01,84,69.0,64.0,30.0,5.0,1,9
2015-09-02,83,67.0,65.0,30.01,4.0,2,9
2015-09-03,84,69.0,64.0,29.92,3.0,3,9
2015-09-04,88,72.0,62.0,29.91,6.0,4,9
2015-09-05,90,73.0,62.0,29.95,7.0,5,9
2015-09-06,88,71.0,63.0,29.95,6.0,6,9
2015-09-07,88,70.0,61.0,29.91,6.0,0,9
2015-09-08,88,71.0,61.0,29.89,5.0,1,9
2015-09-09,84,73.0,74.0,29.91,3.0,2,9
2015-09-10,84,73.0,71.0,29.91,2.0,3,9
2015-09-11,84,73.0,72.0,29.92,3.0,4,9
2015-09-12,80,57.0,55.0,30.02,5.0,5,9
2015-09-13,77,51.0,49.0,30.02,4.0,6,9
2015-09-14,77,57.0,53.0,30.01,5.0,0,9
2015-09-15,84,70.0,67.0,30.02,5.0,1,9
2015-09-16,84,72.0,72.0,30.05,6.0,2,9
2015-09-17,86,71.0,67.0,29.99,6.0,3,9
2015-09-18,86,70.0,64.0,29.88,6.0,4,9
2015-09-19,85,68.0,60.0,29.92,3.0,5,9
2015-09-20,82,63.0,60.0,29.96,3.0,6,9
2015-09-21,84,64.0,57.0,29.95,4.0,0,9
2015-09-22,84,64.0,56.0,29.98,4.0,1,9
2015-09-23,81,62.0,58.0,29.99,2.0,2,9
2015-09-24,82,58.0,49.0,29.99,2.0,3,9
2015-09-25,84,64.0,58.0,30.0,2.0,4,9
2015-09-26,82,59.0,54.0,29.93,3.0,5,9
2015-09-27,81,59.0,50.0,29.87,2.0,6,9
2015-09-28,79,63.0,64.0,29.83,3.0,0,9
2015-09-29,81,64.0,63.0,29.86,2.0,1,9
2015-09-30,83,62.0,56.0,29.94,2.0,2,9
2015-10-01,82,60.0,52.0,30.0,4.0,3,10
2015-10-02,78,50.0,45.0,29.97,5.0,4,10
2015-10-03,72,43.0,40.0,29.88,3.0,5,10
2015-10-04,73,47.0,45.0,29.95,2.0,6,10
2015-10-05,76,52.0,45.0,30.03,2.0,0,10
2015-10-06,77,53.0,44.0,30.07,3.0,1,10
2015-10-07,77,58.0,54.0,30.02,3.0,2,10
2015-10-08,80,64.0,64.0,30.0,3.0,3,10
2015-10-09,80,64.0,62.0,30.07,2.0,4,10
2015-10-10,79,59.0,56.0,30.11,3.0,5,10
2015-10-11,80,61.0,55.0,29.92,4.0,6,10
2015-10-12,86,67.0,62.0,29.78,6.0,0,10
2015-10-13,79,45.0,45.0,29.96,5.0,1,10
2015-10-14,78,41.0,36.0,30.03,3.0,2,10
2015-10-15,79,56.0,55.0,30.06,4.0,3,10
2015-10-16,76,56.0,60.0,30.15,2.0,4,10
2015-10-17,75,48.0,46.0,30.22,4.0,5,10
2015-10-18,71,35.0,33.0,30.27,4.0,6,10
2015-10-19,70,45.0,46.0,30.19,4.0,0,10
2015-10-20,73,58.0,61.0,30.08,4.0,1,10
2015-10-21,79,68.0,71.0,30.06,8.0,2,10
2015-10-22,76,70.0,85.0,29.97,7.0,3,10
2015-10-23,76,73.0,91.0,29.89,6.0,4,10
2015-10-24,68,66.0,94.0,29.9,9.0,5,10
2015-10-25,61,57.0,89.0,30.02,9.0,6,10
2015-10-26,69,54.0,62.0,29.97,6.0,0,10
2015-10-27,71,53.0,61.0,29.85,3.0,1,10
2015-10-28,70,50.0,53.0,29.85,4.0,2,10
2015-10-29,66,54.0,66.0,29.89,4.0,3,10
2015-10-30,71,70.0,90.0,29.73,8.0,4,10
2015-10-31,71,65.0,82.0,29.75,4.0,5,10
2015-11-01,67,57.0,75.0,29.96,3.0,6,11
2015-11-02,68,58.0,75.0,29.98,3.0,0,11
2015-11-03,69,59.0,74.0,30.01,3.0,1,11
2015-11-04,70,64.0,82.0,30.02,5.0,2,11
2015-11-05,79,72.0,83.0,29.97,6.0,3,11
2015-11-06,68,54.0,62.0,30.06,3.0,4,11
2015-11-07,60,54.0,79.0,30.17,8.0,5,11
2015-11-08,62,43.0,56.0,30.23,5.0,6,11
2015-11-09,63,50.0,66.0,30.12,1.0,0,11
2015-11-10,67,63.0,82.0,30.02,4.0,1,11
2015-11-11,77,64.0,62.0,29.87,7.0,2,11
2015-11-12,64,36.0,36.0,30.19,6.0,3,11
2015-11-13,61,39.0,47.0,30.28,4.0,4,11
2015-11-14,60,46.0,66.0,30.3,3.0,5,11
2015-11-15,62,53.0,73.0,30.18,4.0,6,11
2015-11-16,70,67.0,92.0,29.85,7.0,0,11
2015-11-17,61,55.0,69.0,29.66,4.0,1,11
2015-11-18,58,42.0,64.0,29.86,2.0,2,11
2015-11-19,63,46.0,59.0,30.08,1.0,3,11
2015-11-20,65,55.0,67.0,30.03,4.0,4,11
2015-11-21,54,47.0,63.0,30.12,7.0,5,11
2015-11-22,47,29.0,56.0,30.32,2.0,6,11
2015-11-23,48,33.0,61.0,30.29,2.0,0,11
2015-11-24,56,50.0,74.0,30.14,3.0,1,11
2015-11-25,68,61.0,77.0,30.07,5.0,2,11
2015-11-26,71,69.0,91.0,30.1,7.0,3,11
2015-11-27,58,58.0,94.0,30.14,7.0,4,11
2015-11-28,42,39.0,91.0,30.23,7.0,5,11
2015-11-29,45,42.0,91.0,30.18,4.0,6,11
2015-11-30,50,45.0,86.0,30.06,2.0,0,11
2015-12-01,53,43.0,72.0,30.05,2.0,1,12
2015-12-02,55,40.0,65.0,30.18,3.0,2,12
2015-12-03,52,37.0,61.0,30.38,1.0,3,12
2015-12-04,50,38.0,66.0,30.45,2.0,4,12
2015-12-05,51,39.0,66.0,30.43,2.0,5,12
2015-12-06,57,46.0,71.0,30.4,2.0,6,12
2015-12-07,57,43.0,64.0,30.27,1.0,0,12
2015-12-08,59,48.0,70.0,30.03,3.0,1,12
2015-12-09,62,47.0,61.0,29.98,2.0,2,12
2015-12-10,65,58.0,78.0,29.86,4.0,3,12
2015-12-11,66,61.0,79.0,29.83,6.0,4,12
2015-12-12,73,67.0,85.0,29.75,9.0,5,12
2015-12-13,60,52.0,84.0,29.7,4.0,6,12
2015-12-14,59,41.0,57.0,29.78,3.0,0,12
2015-12-15,64,60.0,86.0,29.72,4.0,1,12
2015-12-16,55,29.0,40.0,29.92,8.0,2,12
2015-12-17,54,31.0,54.0,30.08,4.0,3,12
2015-12-18,46,31.0,55.0,30.37,3.0,4,12
2015-12-19,51,40.0,68.0,30.4,4.0,5,12
2015-12-20,59,56.0,89.0,30.12,5.0,6,12
2015-12-21,65,61.0,79.0,29.96,2.0,0,12
2015-12-22,64,57.0,69.0,29.7,5.0,1,12
2015-12-23,67,54.0,59.0,29.57,3.0,2,12
2015-12-24,63,56.0,81.0,29.84,1.0,3,12
2015-12-25,61,53.0,77.0,29.95,2.0,4,12
2015-12-26,74,69.0,85.0,29.72,10.0,5,12
2015-12-27,55,47.0,89.0,29.68,10.0,6,12
2015-12-28,41,30.0,75.0,29.94,8.0,0,12
2015-12-29,43,36.0,74.0,30.09,3.0,1,12
2015-12-30,49,42.0,80.0,30.23,4.0,2,12
2015-12-31,46,39.0,78.0,30.32,6.0,3,12
2016-01-01,46,33.0,60.0,30.48,8.0,4,1
2016-01-02,45,34.0,77.0,30.42,2.0,5,1
2016-01-03,52,39.0,70.0,30.3,3.0,6,1
2016-01-04,48,31.0,58.0,30.33,4.0,0,1
2016-01-05,46,36.0,68.0,30.28,3.0,1,1
2016-01-06,50,47.0,86.0,30.05,3.0,2,1
2016-01-07,61,50.0,71.0,29.9,2.0,3,1
2016-01-08,55,50.0,86.0,29.79,3.0,4,1
2016-01-09,48,34.0,59.0,30.02,9.0,5,1
2016-01-10,42,26.0,61.0,30.3,4.0,6,1
2016-01-11,45,28.0,59.0,30.26,1.0,0,1
2016-01-12,50,34.0,58.0,30.28,2.0,1,1
2016-01-13,52,39.0,68.0,30.17,2.0,2,1
2016-01-14,59,50.0,75.0,29.91,3.0,3,1
2016-01-15,59,39.0,58.0,29.79,3.0,4,1
2016-01-16,54,37.0,61.0,29.96,5.0,5,1
2016-01-17,45,32.0,65.0,30.19,3.0,6,1
2016-01-18,48,36.0,70.0,30.32,2.0,0,1
2016-01-19,56,47.0,78.0,30.19,4.0,1,1
2016-01-20,51,39.0,70.0,30.1,4.0,2,1
2016-01-21,54,46.0,66.0,30.0,7.0,3,1
2016-01-22,46,29.0,56.0,30.31,8.0,4,1
2016-01-23,44,30.0,61.0,30.28,3.0,5,1
2016-01-24,53,41.0,61.0,30.03,5.0,6,1
2016-01-25,66,51.0,66.0,29.94,4.0,0,1
2016-01-26,51,32.0,50.0,30.2,10.0,1,1
2016-01-27,48,26.0,47.0,30.32,5.0,2,1
2016-01-28,52,32.0,53.0,30.17,2.0,3,1
2016-01-29,57,35.0,53.0,30.02,4.0,4,1
2016-01-30,62,46.0,59.0,29.87,6.0,5,1
2016-01-31,72,54.0,55.0,29.81,5.0,6,1
2016-02-01,66,54.0,73.0,29.74,8.0,0,2
2016-02-02,62,27.0,28.0,29.78,6.0,1,2
2016-02-03,49,25.0,41.0,30.2,7.0,2,2
2016-02-04,47,23.0,49.0,30.46,3.0,3,2
2016-02-05,48,28.0,47.0,30.38,4.0,4,2
2016-02-06,51,31.0,51.0,30.35,7.0,5,2
2016-02-07,50,33.0,62.0,30.23,3.0,6,2
2016-02-08,56,20.0,37.0,30.34,8.0,0,2
2016-02-09,57,27.0,40.0,30.32,6.0,1,2
2016-02-10,56,33.0,54.0,30.3,3.0,2,2
2016-02-11,68,37.0,36.0,30.12,5.0,3,2
2016-02-12,63,43.0,60.0,30.21,3.0,4,2
2016-02-13,64,47.0,60.0,30.25,6.0,5,2
2016-02-14,66,55.0,71.0,29.97,6.0,6,2
2016-02-15,62,49.0,59.0,29.89,5.0,0,2
2016-02-16,63,40.0,49.0,29.99,4.0,1,2
2016-02-17,63,33.0,35.0,30.2,6.0,2,2
2016-02-18,67,54.0,68.0,30.16,9.0,3,2
2016-02-19,73,58.0,63.0,30.1,8.0,4,2
2016-02-20,71,62.0,76.0,30.03,6.0,5,2
2016-02-21,68,63.0,86.0,30.0,3.0,6,2
2016-02-22,65,56.0,74.0,29.88,4.0,0,2
2016-02-23,54,50.0,76.0,29.73,9.0,1,2
2016-02-24,54,30.0,49.0,30.18,7.0,2,2
2016-02-25,54,31.0,53.0,30.31,5.0,3,2
2016-02-26,53,29.0,42.0,30.4,3.0,4,2
2016-02-27,58,45.0,62.0,30.24,5.0,5,2
2016-02-28,67,55.0,72.0,30.04,7.0,6,2
2016-02-29,70,60.0,72.0,30.04,6.0,0,2
2016-03-01,70,55.0,62.0,30.02,8.0,1,3
2016-03-02,64,47.0,59.0,30.06,6.0,2,3
2016-03-03,73,50.0,53.0,29.97,7.0,3,3
2016-03-04,61,37.0,48.0,30.12,4.0,4,3
2016-03-05,68,54.0,66.0,30.13,6.0,5,3
2016-03-06,68,57.0,74.0,30.08,9.0,6,3
2016-03-07,70,62.0,76.0,29.83,11.0,0,3
2016-03-08,76,66.0,74.0,29.69,9.0,1,3
2016-03-09,65,58.0,92.0,29.75,8.0,2,3
2016-03-10,61,59.0,92.0,29.88,8.0,3,3
2016-03-11,65,61.0,87.0,29.93,3.0,4,3
2016-03-12,66,56.0,75.0,29.9,4.0,5,3
2016-03-13,71,51.0,59.0,29.79,4.0,6,3
2016-03-14,73,50.0,48.0,29.79,5.0,0,3
2016-03-15,80,58.0,59.0,29.79,6.0,1,3
2016-03-16,71,57.0,61.0,29.93,5.0,2,3
2016-03-17,73,66.0,76.0,29.88,4.0,3,3
2016-03-18,68,66.0,85.0,29.82,5.0,4,3
2016-03-19,55,36.0,52.0,30.16,11.0,5,3
2016-03-20,53,28.0,44.0,30.39,5.0,6,3
2016-03-21,52,34.0,57.0,30.37,4.0,0,3
2016-03-22,62,50.0,67.0,30.06,9.0,1,3
2016-03-23,74,62.0,71.0,29.8,9.0,2,3
2016-03-24,59,46.0,51.0,29.93,8.0,3,3
2016-03-25,57,41.0,60.0,29.95,4.0,4,3
2016-03-26,61,53.0,75.0,29.9,4.0,5,3
2016-03-27,65,55.0,70.0,30.03,5.0,6,3
2016-03-28,62,42.0,51.0,30.09,4.0,0,3
2016-03-29,64,62.0,76.0,29.91,6.0,1,3
2016-03-30,73,69.0,88.0,29.74,7.0,2,3
2016-03-31,76,56.0,59.0,29.67,5.0,3,3
2016-04-01,59,45.0,57.0,29.97,8.0,4,4
2016-04-02,60,38.0,50.0,30.24,5.0,5,4
2016-04-03,62,41.0,58.0,30.18,3.0,6,4
2016-04-04,68,46.0,48.0,30.15,4.0,0,4
2016-04-05,68,47.0,50.0,30.14,5.0,1,4
2016-04-06,69,48.0,56.0,30.04,6.0,2,4
2016-04-07,67,45.0,55.0,30.01,3.0,3,4
2016-04-08,68,43.0,51.0,30.11,4.0,4,4
2016-04-09,68,53.0,63.0,30.09,5.0,5,4
2016-04-10,72,62.0,75.0,29.96,8.0,6,4
2016-04-11,80,68.0,74.0,29.89,5.0,0,4
2016-04-12,68,61.0,83.0,30.03,7.0,1,4
2016-04-13,65,60.0,83.0,30.04,4.0,2,4
2016-04-14,66,56.0,75.0,30.0,4.0,3,4
2016-04-15,67,58.0,77.0,29.87,5.0,4,4
2016-04-16,70,66.0,92.0,29.84,8.0,5,4
2016-04-17,71,67.0,90.0,29.93,6.0,6,4
2016-04-18,69,65.0,87.0,30.05,4.0,0,4
2016-04-19,72,64.0,79.0,30.06,2.0,1,4
2016-04-20,71,63.0,72.0,29.98,4.0,2,4
2016-04-21,72,61.0,70.0,29.97,5.0,3,4
2016-04-22,72,55.0,63.0,30.06,4.0,4,4
2016-04-23,69,54.0,61.0,30.02,3.0,5,4
2016-04-24,71,63.0,79.0,29.86,6.0,6,4
2016-04-25,79,69.0,76.0,29.77,7.0,0,4
2016-04-26,79,69.0,77.0,29.67,9.0,1,4
2016-04-27,76,58.0,54.0,29.69,5.0,2,4
2016-04-28,75,66.0,71.0,29.78,7.0,3,4
2016-04-29,80,73.0,82.0,29.65,7.0,4,4
2016-04-30,76,67.0,73.0,29.7,4.0,5,4
2016-05-01,72,60.0,69.0,29.89,7.0,6,5
2016-05-02,64,51.0,68.0,30.07,7.0,0,5
2016-05-03,67,48.0,60.0,30.08,4.0,1,5
2016-05-04,71,51.0,57.0,30.04,5.0,2,5
2016-05-05,74,53.0,51.0,30.02,4.0,3,5
2016-05-06,71,53.0,60.0,30.03,3.0,4,5
2016-05-07,73,58.0,65.0,29.96,6.0,5,5
2016-05-08,70,65.0,88.0,29.85,8.0,6,5
2016-05-09,77,66.0,69.0,29.76,7.0,0,5
2016-05-10,79,70.0,75.0,29.87,8.0,1,5
2016-05-11,76,67.0,76.0,29.98,6.0,2,5
2016-05-12,76,68.0,78.0,30.09,4.0,3,5
2016-05-13,79,67.0,69.0,30.09,4.0,4,5
2016-05-14,72,68.0,87.0,30.07,2.0,5,5
2016-05-15,67,62.0,83.0,30.05,4.0,6,5
2016-05-16,74,66.0,84.0,29.92,5.0,0,5
2016-05-17,74,66.0,83.0,29.92,5.0,1,5
2016-05-18,71,61.0,77.0,30.02,7.0,2,5
2016-05-19,69,61.0,84.0,29.97,5.0,3,5
2016-05-20,73,62.0,74.0,29.98,3.0,4,5
2016-05-21,77,69.0,81.0,30.0,4.0,5,5
2016-05-22,80,72.0,82.0,29.94,5.0,6,5
2016-05-23,78,72.0,84.0,29.88,7.0,0,5
2016-05-24,81,72.0,76.0,29.91,8.0,1,5
2016-05-25,82,75.0,81.0,29.96,6.0,2,5
2016-05-26,79,73.0,76.0,29.84,7.0,3,5
2016-05-27,71,66.0,87.0,29.76,6.0,4,5
2016-05-28,78,69.0,79.0,29.9,5.0,5,5
2016-05-29,79,71.0,78.0,30.03,6.0,6,5
2016-05-30,78,67.0,67.0,29.99,5.0,0,5
2016-05-31,75,71.0,85.0,29.87,3.0,1,5
2016-06-01,78,69.0,75.0,29.88,2.0,2,6
2016-06-02,76,69.0,76.0,29.88,4.0,3,6
2016-06-03,75,66.0,74.0,29.89,3.0,4,6
2016-06-04,77,68.0,76.0,29.89,5.0,5,6
2016-06-05,78,62.0,66.0,29.86,6.0,6,6
2016-06-06,80,59.0,53.0,29.85,4.0,0,6
2016-06-07,81,65.0,64.0,29.88,2.0,1,6
2016-06-08,81,70.0,71.0,29.9,3.0,2,6
2016-06-09,82,70.0,73.0,29.92,5.0,3,6
2016-06-10,80,71.0,77.0,29.95,3.0,4,6
2016-06-11,85,74.0,72.0,30.0,6.0,5,6
2016-06-12,86,76.0,74.0,30.0,6.0,6,6
2016-06-13,85,75.0,76.0,29.94,5.0,0,6
2016-06-14,86,74.0,71.0,29.85,6.0,1,6
2016-06-15,87,73.0,66.0,29.9,7.0,2,6
2016-06-16,86,73.0,71.0,29.94,6.0,3,6
2016-06-17,87,73.0,70.0,29.93,6.0,4,6
2016-06-18,86,73.0,67.0,29.96,4.0,5,6
2016-06-19,86,73.0,67.0,30.06,4.0,6,6
2016-06-20,85,71.0,65.0,30.14,4.0,0,6
2016-06-21,86,71.0,66.0,30.08,4.0,1,6
2016-06-22,86,72.0,72.0,30.0,6.0,2,6
2016-06-23,85,72.0,70.0,30.03,6.0,3,6
2016-06-24,84,73.0,73.0,30.01,6.0,4,6
2016-06-25,83,75.0,81.0,30.03,5.0,5,6
2016-06-26,86,73.0,73.0,30.07,5.0,6,6
2016-06-27,86,71.0,65.0,30.06,2.0,0,6
2016-06-28,87,71.0,69.0,30.02,3.0,1,6
2016-06-29,84,70.0,66.0,29.97,2.0,2,6
2016-06-30,85,71.0,65.0,29.94,4.0,3,6
2016-07-01,85,71.0,70.0,29.97,5.0,4,7
2016-07-02,87,73.0,67.0,29.97,7.0,5,7
2016-07-03,88,74.0,67.0,29.91,8.0,6,7
2016-07-04,90,74.0,62.0,29.9,8.0,0,7
2016-07-05,89,74.0,65.0,29.95,8.0,1,7
2016-07-06,90,73.0,68.0,29.94,8.0,2,7
2016-07-07,89,73.0,64.0,29.92,9.0,3,7
2016-07-08,90,73.0,64.0,29.96,7.0,4,7
2016-07-09,89,73.0,65.0,29.99,7.0,5,7
2016-07-10,87,74.0,67.0,29.95,6.0,6,7
2016-07-11,90,71.0,60.0,29.88,9.0,0,7
2016-07-12,89,72.0,64.0,29.91,9.0,1,7
2016-07-13,91,73.0,64.0,29.96,8.0,2,7
2016-07-14,89,73.0,64.0,29.96,8.0,3,7
2016-07-15,90,71.0,62.0,29.97,7.0,4,7
2016-07-16,88,72.0,66.0,29.98,5.0,5,7
2016-07-17,88,72.0,63.0,30.02,7.0,6,7
2016-07-18,89,72.0,65.0,30.09,5.0,0,7
2016-07-19,89,72.0,64.0,30.11,5.0,1,7
2016-07-20,89,72.0,62.0,30.12,5.0,2,7
2016-07-21,89,69.0,60.0,30.07,4.0,3,7
2016-07-22,89,69.0,59.0,30.01,4.0,4,7
2016-07-23,90,71.0,60.0,29.93,6.0,5,7
2016-07-24,90,73.0,64.0,29.91,5.0,6,7
2016-07-25,89,73.0,66.0,29.91,3.0,0,7
2016-07-26,84,75.0,76.0,29.93,2.0,1,7
2016-07-27,83,74.0,78.0,29.97,3.0,2,7
2016-07-28,86,73.0,70.0,29.98,3.0,3,7
2016-07-29,85,72.0,67.0,29.97,4.0,4,7
2016-07-30,87,73.0,71.0,29.98,5.0,5,7
2016-07-31,88,73.0,66.0,29.97,6.0,6,7
2016-08-01,87,70.0,62.0,30.0,6.0,0,8
2016-08-02,87,72.0,67.0,30.03,5.0,1,8
2016-08-03,88,72.0,68.0,29.98,4.0,2,8
2016-08-04,88,72.0,65.0,29.92,5.0,3,8
2016-08-05,89,73.0,67.0,29.93,5.0,4,8
2016-08-06,89,71.0,63.0,29.93,4.0,5,8
2016-08-07,89,72.0,65.0,29.89,6.0,6,8
2016-08-08,89,72.0,65.0,29.86,5.0,0,8
2016-08-09,91,73.0,66.0,29.88,6.0,1,8
2016-08-10,92,73.0,64.0,29.93,5.0,2,8
2016-08-11,90,74.0,64.0,29.91,5.0,3,8
2016-08-12,92,73.0,63.0,29.81,5.0,4,8
2016-08-13,87,73.0,73.0,29.82,3.0,5,8
2016-08-14,78,75.0,90.0,29.91,3.0,6,8
2016-08-15,74,72.0,97.0,30.0,2.0,0,8
2016-08-16,77,73.0,90.0,30.02,3.0,1,8
2016-08-17,80,75.0,90.0,30.06,3.0,2,8
2016-08-18,81,75.0,84.0,30.04,2.0,3,8
2016-08-19,84,75.0,76.0,29.94,5.0,4,8
2016-08-20,78,74.0,87.0,29.89,4.0,5,8
2016-08-21,78,73.0,87.0,29.97,2.0,6,8
2016-08-22,83,74.0,75.0,30.05,4.0,0,8
2016-08-23,86,74.0,70.0,30.09,7.0,1,8
2016-08-24,85,73.0,72.0,30.09,6.0,2,8
2016-08-25,84,73.0,75.0,30.04,2.0,3,8
2016-08-26,84,73.0,73.0,30.0,3.0,4,8
2016-08-27,82,71.0,73.0,29.96,3.0,5,8
2016-08-28,83,72.0,72.0,29.98,3.0,6,8
2016-08-29,82,72.0,75.0,29.98,5.0,0,8
2016-08-30,83,72.0,73.0,29.97,4.0,1,8
2016-08-31,84,72.0,75.0,29.93,2.0,2,8
2016-09-01,86,72.0,70.0,29.92,4.0,3,9
2016-09-02,84,72.0,73.0,29.97,3.0,4,9
2016-09-03,83,72.0,73.0,29.95,3.0,5,9
2016-09-04,84,73.0,73.0,29.96,3.0,6,9
2016-09-05,84,74.0,77.0,30.01,5.0,0,9
2016-09-06,86,76.0,79.0,30.07,6.0,1,9
2016-09-07,87,76.0,75.0,30.08,6.0,2,9
2016-09-08,86,73.0,70.0,29.99,6.0,3,9
2016-09-09,86,73.0,72.0,29.93,6.0,4,9
2016-09-10,82,71.0,68.0,30.06,6.0,5,9
2016-09-11,81,66.0,64.0,30.08,2.0,6,9
2016-09-12,82,69.0,70.0,29.94,3.0,0,9
2016-09-13,84,72.0,73.0,29.96,3.0,1,9
2016-09-14,84,71.0,66.0,30.02,3.0,2,9
2016-09-15,83,71.0,70.0,29.97,3.0,3,9
2016-09-16,85,71.0,69.0,29.92,2.0,4,9
2016-09-17,85,72.0,67.0,29.94,1.0,5,9
2016-09-18,87,73.0,70.0,29.93,2.0,6,9
2016-09-19,88,73.0,68.0,29.97,3.0,0,9
2016-09-20,87,71.0,66.0,30.01,3.0,1,9
2016-09-21,86,69.0,62.0,29.99,2.0,2,9
2016-09-22,82,69.0,64.0,29.95,5.0,3,9
2016-09-23,85,74.0,73.0,29.96,5.0,4,9
2016-09-24,87,74.0,72.0,29.95,5.0,5,9
2016-09-25,79,73.0,83.0,29.98,4.0,6,9
2016-09-26,70,69.0,89.0,30.08,6.0,0,9
2016-09-27,74,62.0,71.0,30.07,3.0,1,9
2016-09-28,77,60.0,61.0,30.04,1.0,2,9
2016-09-29,75,55.0,61.0,30.15,5.0,3,9
2016-09-30,72,52.0,54.0,30.14,2.0,4,9
2016-10-01,70,56.0,65.0,30.06,1.0,5,10
2016-10-02,72,58.0,65.0,30.02,2.0,6,10
2016-10-03,75,61.0,66.0,29.91,3.0,0,10
2016-10-04,81,69.0,69.0,29.8,5.0,1,10
2016-10-05,84,72.0,72.0,29.87,5.0,2,10
2016-10-06,84,72.0,71.0,29.91,5.0,3,10
2016-10-07,76,69.0,74.0,30.02,5.0,4,10
2016-10-08,74,60.0,69.0,30.18,5.0,5,10
2016-10-09,71,47.0,49.0,30.21,4.0,6,10
2016-10-10,68,46.0,53.0,30.16,1.0,0,10
2016-10-11,71,53.0,57.0,30.09,1.0,1,10
2016-10-12,76,65.0,66.0,30.04,3.0,2,10
2016-10-13,79,69.0,73.0,30.09,2.0,3,10
2016-10-14,77,67.0,74.0,30.1,3.0,4,10
2016-10-15,81,70.0,70.0,30.02,4.0,5,10
2016-10-16,85,70.0,66.0,29.94,5.0,6,10
2016-10-17,84,70.0,69.0,29.86,6.0,0,10
2016-10-18,84,71.0,67.0,29.85,6.0,1,10
2016-10-19,84,71.0,71.0,29.93,5.0,2,10
2016-10-20,74,61.0,60.0,30.07,7.0,3,10
2016-10-21,65,45.0,50.0,30.23,3.0,4,10
2016-10-22,64,45.0,57.0,30.17,2.0,5,10
2016-10-23,70,55.0,63.0,30.15,3.0,6,10
2016-10-24,77,64.0,71.0,30.19,4.0,0,10
2016-10-25,77,63.0,72.0,30.16,3.0,1,10
2016-10-26,76,62.0,69.0,30.12,2.0,2,10
2016-10-27,76,62.0,68.0,30.16,3.0,3,10
2016-10-28,74,60.0,67.0,30.16,2.0,4,10
2016-10-29,75,62.0,68.0,30.13,2.0,5,10
2016-10-30,76,63.0,67.0,30.11,2.0,6,10
2016-10-31,73,62.0,72.0,30.05,3.0,0,10
2016-11-01,81,71.0,72.0,29.98,5.0,1,11
2016-11-02,81,72.0,78.0,30.06,6.0,2,11
2016-11-03,74,70.0,84.0,30.19,5.0,3,11
2016-11-04,71,66.0,89.0,30.24,4.0,4,11
2016-11-05,68,66.0,91.0,30.22,2.0,5,11
2016-11-06,68,60.0,85.0,30.13,2.0,6,11
2016-11-07,66,65.0,94.0,30.09,2.0,0,11
2016-11-08,66,64.0,92.0,30.16,4.0,1,11
2016-11-09,63,61.0,94.0,30.23,6.0,2,11
2016-11-10,64,55.0,72.0,30.29,3.0,3,11
2016-11-11,65,57.0,79.0,30.25,2.0,4,11
2016-11-12,67,57.0,72.0,30.22,4.0,5,11
2016-11-13,65,55.0,75.0,30.18,2.0,6,11
2016-11-14,69,58.0,74.0,30.09,2.0,0,11
2016-11-15,73,55.0,60.0,30.04,2.0,1,11
2016-11-16,71,52.0,58.0,29.97,3.0,2,11
2016-11-17,70,61.0,74.0,29.9,7.0,3,11
2016-11-18,66,55.0,62.0,30.1,7.0,4,11
2016-11-19,52,30.0,46.0,30.54,5.0,5,11
2016-11-20,51,32.0,55.0,30.35,2.0,6,11
2016-11-21,61,48.0,64.0,30.09,5.0,0,11
2016-11-22,69,64.0,83.0,29.94,5.0,1,11
2016-11-23,62,54.0,71.0,30.11,3.0,2,11
2016-11-24,61,52.0,70.0,30.19,1.0,3,11
2016-11-25,61,57.0,87.0,30.32,4.0,4,11
2016-11-26,62,51.0,69.0,30.31,2.0,5,11
2016-11-27,66,59.0,75.0,29.93,6.0,6,11
2016-11-28,65,49.0,53.0,29.57,6.0,0,11
2016-11-29,64,42.0,53.0,29.67,3.0,1,11
2016-11-30,55,33.0,45.0,30.02,4.0,2,11
2016-12-01,53,34.0,56.0,30.08,3.0,3,12
2016-12-02,58,49.0,77.0,30.05,4.0,4,12
2016-12-03,51,49.0,95.0,29.97,6.0,5,12
2016-12-04,51,48.0,88.0,30.01,6.0,6,12
2016-12-05,50,48.0,95.0,29.85,3.0,0,12
2016-12-06,51,45.0,84.0,29.94,4.0,1,12
2016-12-07,48,45.0,86.0,30.11,3.0,2,12
2016-12-08,44,31.0,68.0,30.49,10.0,3,12
2016-12-09,40,20.0,45.0,30.6,5.0,4,12
2016-12-10,44,37.0,75.0,30.37,3.0,5,12
2016-12-11,59,55.0,91.0,30.04,4.0,6,12
2016-12-12,57,47.0,73.0,30.02,3.0,0,12
2016-12-13,64,54.0,73.0,30.01,4.0,1,12
2016-12-14,50,43.0,78.0,30.18,4.0,2,12
2016-12-15,50,42.0,78.0,30.31,5.0,3,12
2016-12-16,59,54.0,82.0,29.94,5.0,4,12
2016-12-17,55,59.0,80.0,29.78,6.0,5,12
2016-12-18,32,12.0,48.0,30.49,12.0,6,12
2016-12-19,34,12.0,42.0,30.68,5.0,0,12
2016-12-20,47,20.0,40.0,30.46,2.0,1,12
2016-12-21,57,32.0,41.0,30.2,4.0,2,12
2016-12-22,59,36.0,48.0,30.26,4.0,3,12
2016-12-23,60,54.0,74.0,30.1,1.0,4,12
2016-12-24,72,66.0,85.0,30.02,7.0,5,12
2016-12-25,74,65.0,74.0,29.94,9.0,6,12
2016-12-26,77,69.0,74.0,30.11,4.0,0,12
2016-12-27,69,58.0,72.0,30.2,1.0,1,12
2016-12-28,73,64.0,72.0,30.08,3.0,2,12
2016-12-29,60,27.0,51.0,30.38,9.0,3,12
2016-12-30,52,23.0,38.0,30.31,4.0,4,12
2016-12-31,64,51.0,70.0,29.9,3.0,5,12
2017-01-01,63,52.0,74.0,29.85,2.0,6,1
2017-01-02,64,54.0,79.0,29.85,5.0,0,1
2017-01-03,60,39.0,52.0,30.04,4.0,1,1
2017-01-04,42,28.0,58.0,30.13,6.0,2,1
2017-01-05,49,35.0,64.0,29.96,4.0,3,1
2017-01-06,29,15.0,55.0,30.31,10.0,4,1
2017-01-07,32,11.0,48.0,30.74,4.0,5,1
2017-01-08,37,18.0,50.0,30.64,4.0,6,1
2017-01-09,57,47.0,69.0,30.3,5.0,0,1
2017-01-10,69,56.0,66.0,30.02,7.0,1,1
2017-01-11,70,60.0,72.0,29.95,8.0,2,1
2017-01-12,74,63.0,70.0,30.04,8.0,3,1
2017-01-13,67,63.0,74.0,30.25,7.0,4,1
2017-01-14,52,50.0,92.0,30.33,4.0,5,1
2017-01-15,62,59.0,87.0,30.01,5.0,6,1
2017-01-16,64,56.0,78.0,29.97,1.0,0,1
2017-01-17,54,48.0,86.0,30.11,6.0,1,1
2017-01-18,52,48.0,93.0,30.09,4.0,2,1
2017-01-19,62,52.0,79.0,29.83,3.0,3,1
2017-01-20,62,50.0,66.0,29.74,1.0,4,1
2017-01-21,65,51.0,62.0,29.58,6.0,5,1
2017-01-22,62,34.0,38.0,29.75,11.0,6,1
2017-01-23,61,36.0,44.0,29.94,4.0,0,1
2017-01-24,67,51.0,62.0,29.71,7.0,1,1
2017-01-25,59,36.0,53.0,29.92,7.0,2,1
2017-01-26,50,27.0,46.0,30.27,3.0,3,1
2017-01-27,48,24.0,48.0,30.35,5.0,4,1
2017-01-28,50,31.0,52.0,30.35,6.0,5,1
2017-01-29,55,30.0,44.0,30.32,6.0,6,1
2017-01-30,63,30.0,38.0,30.19,5.0,0,1
2017-01-31,61,36.0,44.0,30.03,4.0,1,1
2017-02-01,67,52.0,68.0,29.98,4.0,2,2
2017-02-02,55,35.0,52.0,30.22,7.0,3,2
2017-02-03,49,34.0,57.0,30.37,6.0,4,2
2017-02-04,49,46.0,77.0,30.24,1.0,5,2
2017-02-05,62,59.0,89.0,30.06,3.0,6,2
2017-02-06,73,65.0,76.0,29.91,5.0,0,2
2017-02-07,71,54.0,59.0,29.8,2.0,1,2
2017-02-08,69,41.0,49.0,29.88,5.0,2,2
2017-02-09,56,31.0,39.0,30.28,5.0,3,2
2017-02-10,65,51.0,70.0,30.16,3.0,4,2
2017-02-11,76,64.0,71.0,29.99,6.0,5,2
2017-02-12,73,61.0,73.0,30.09,5.0,6,2
2017-02-13,71,55.0,63.0,30.05,9.0,0,2
2017-02-14,57,47.0,80.0,29.94,9.0,1,2
2017-02-15,54,33.0,53.0,30.16,7.0,2,2
2017-02-16,55,36.0,54.0,30.1,3.0,3,2
2017-02-17,64,50.0,67.0,29.85,6.0,4,2
2017-02-18,74,56.0,58.0,29.78,6.0,5,2
2017-02-19,71,66.0,76.0,29.84,8.0,6,2
2017-02-20,64,57.0,80.0,29.95,4.0,0,2
2017-02-21,67,43.0,61.0,29.97,6.0,1,2
2017-02-22,69,45.0,48.0,29.86,3.0,2,2
2017-02-23,73,49.0,50.0,29.64,5.0,3,2
2017-02-24,67,35.0,31.0,29.8,6.0,4,2
2017-02-25,54,28.0,42.0,30.13,6.0,5,2
2017-02-26,57,50.0,77.0,29.95,3.0,6,2
2017-02-27,74,65.0,76.0,29.92,6.0,0,2
2017-02-28,75,67.0,79.0,29.89,7.0,1,2
2017-03-01,64,45.0,59.0,30.08,8.0,2,3
2017-03-02,58,22.0,30.0,30.4,5.0,3,3
2017-03-03,56,29.0,45.0,30.48,6.0,4,3
2017-03-04,57,52.0,72.0,30.33,4.0,5,3
2017-03-05,66,60.0,84.0,30.11,4.0,6,3
2017-03-06,76,66.0,76.0,29.94,9.0,0,3
2017-03-07,69,51.0,61.0,30.12,6.0,1,3
2017-03-08,68,50.0,56.0,30.23,4.0,2,3
2017-03-09,74,64.0,79.0,30.13,5.0,3,3
2017-03-10,73,62.0,70.0,30.11,2.0,4,3
2017-03-11,64,62.0,94.0,30.09,4.0,5,3
2017-03-12,55,47.0,85.0,30.21,7.0,6,3
2017-03-13,58,48.0,85.0,30.14,3.0,0,3
2017-03-14,57,43.0,46.0,30.24,3.0,1,3
2017-03-15,62,49.0,64.0,30.26,6.0,2,3
2017-03-16,69,59.0,78.0,30.19,6.0,3,3
2017-03-17,74,62.0,69.0,30.12,8.0,4,3
2017-03-18,75,63.0,72.0,30.23,4.0,5,3
2017-03-19,75,62.0,69.0,30.2,6.0,6,3
2017-03-20,75,60.0,63.0,30.11,7.0,0,3
2017-03-21,74,61.0,70.0,30.06,8.0,1,3
2017-03-22,76,62.0,67.0,30.07,7.0,2,3
2017-03-23,75,59.0,56.0,30.02,10.0,3,3
2017-03-24,72,63.0,68.0,29.91,6.0,4,3
2017-03-25,69,46.0,48.0,29.97,4.0,5,3
2017-03-26,75,61.0,67.0,29.84,8.0,6,3
2017-03-27,78,66.0,73.0,29.83,5.0,0,3
2017-03-28,78,66.0,67.0,29.78,10.0,1,3
2017-03-29,72,56.0,62.0,29.76,5.0,2,3
2017-03-30,68,46.0,50.0,29.85,4.0,3,3
2017-03-31,71,53.0,56.0,29.76,6.0,4,3
2017-04-01,71,63.0,79.0,29.82,8.0,5,4
2017-04-02,67,61.0,74.0,29.75,6.0,6,4
2017-04-03,70,51.0,58.0,29.72,2.0,0,4
2017-04-04,75,55.0,52.0,29.67,5.0,1,4
2017-04-05,64,39.0,45.0,30.04,8.0,2,4
2017-04-06,64,43.0,52.0,30.21,3.0,3,4
2017-04-07,67,48.0,55.0,30.17,4.0,4,4
2017-04-08,69,58.0,72.0,29.99,7.0,5,4
2017-04-09,74,64.0,73.0,29.9,8.0,6,4
2017-04-10,76,69.0,82.0,29.98,7.0,0,4
2017-04-11,67,65.0,94.0,30.12,4.0,1,4
2017-04-12,70,61.0,79.0,30.16,4.0,2,4
2017-04-13,75,64.0,77.0,30.14,6.0,3,4
2017-04-14,75,62.0,69.0,30.07,5.0,4,4
2017-04-15,76,64.0,71.0,30.03,7.0,5,4
2017-04-16,77,66.0,73.0,30.01,6.0,6,4
2017-04-17,72,65.0,80.0,30.0,5.0,0,4
2017-04-18,72,62.0,73.0,30.0,4.0,1,4
2017-04-19,77,65.0,71.0,30.02,6.0,2,4
2017-04-20,79,67.0,73.0,30.0,6.0,3,4
2017-04-21,80,66.0,66.0,29.86,7.0,4,4
2017-04-22,65,55.0,69.0,29.99,7.0,5,4
2017-04-23,64,42.0,50.0,30.1,5.0,6,4
2017-04-24,65,49.0,61.0,29.87,4.0,0,4
2017-04-25,76,65.0,73.0,29.58,7.0,1,4
2017-04-26,77,57.0,51.0,29.56,8.0,2,4
2017-04-27,70,50.0,58.0,29.72,7.0,3,4
2017-04-28,83,68.0,64.0,29.58,9.0,4,4
2017-04-29,79,66.0,64.0,29.59,9.0,5,4
2017-04-30,65,44.0,43.0,29.89,6.0,6,4
2017-05-01,71,48.0,50.0,29.93,6.0,0,5
2017-05-02,77,56.0,57.0,29.9,7.0,1,5
2017-05-03,80,66.0,66.0,29.8,8.0,2,5
2017-05-04,70,43.0,43.0,30.03,8.0,3,5
2017-05-05,71,42.0,44.0,30.03,4.0,4,5
2017-05-06,73,49.0,52.0,29.95,4.0,5,5
2017-05-07,75,57.0,56.0,29.94,6.0,6,5
2017-05-08,74,61.0,66.0,29.97,8.0,0,5
2017-05-09,71,68.0,86.0,29.96,6.0,1,5
2017-05-10,77,68.0,76.0,29.91,7.0,2,5
2017-05-11,80,70.0,73.0,29.88,3.0,3,5
2017-05-12,76,57.0,61.0,29.9,7.0,4,5
2017-05-13,74,54.0,54.0,29.91,3.0,5,5
2017-05-14,78,61.0,63.0,29.89,5.0,6,5
2017-05-15,80,64.0,67.0,29.9,7.0,0,5
2017-05-16,78,67.0,74.0,29.8,9.0,1,5
2017-05-17,80,69.0,67.0,29.77,5.0,2,5
2017-05-18,84,71.0,72.0,29.75,10.0,3,5
2017-05-19,85,69.0,64.0,29.74,9.0,4,5
2017-05-20,75,67.0,77.0,29.89,4.0,5,5
2017-05-21,70,61.0,74.0,30.05,6.0,6,5
2017-05-22,69,62.0,81.0,29.99,4.0,0,5
2017-05-23,72,62.0,73.0,29.89,5.0,1,5
2017-05-24,72,49.0,54.0,29.83,5.0,2,5
2017-05-25,78,60.0,55.0,29.72,7.0,3,5
2017-05-26,84,72.0,70.0,29.81,6.0,4,5
2017-05-27,87,74.0,71.0,29.85,7.0,5,5
2017-05-28,80,71.0,73.0,29.87,4.0,6,5
2017-05-29,78,67.0,70.0,30.0,2.0,0,5
2017-05-30,78,66.0,68.0,30.02,2.0,1,5
2017-05-31,77,68.0,74.0,30.01,2.0,2,5
2017-06-01,78,68.0,75.0,29.95,4.0,3,6
2017-06-02,83,71.0,70.0,29.92,5.0,4,6
2017-06-03,82,71.0,69.0,29.9,4.0,5,6
2017-06-04,80,69.0,76.0,29.83,1.0,6,6
2017-06-05,78,68.0,72.0,29.74,3.0,0,6
2017-06-06,81,66.0,67.0,29.82,5.0,1,6
2017-06-07,83,62.0,55.0,29.9,3.0,2,6
2017-06-08,83,66.0,60.0,29.9,4.0,3,6
2017-06-09,82,69.0,69.0,29.87,6.0,4,6
2017-06-10,82,65.0,62.0,29.86,6.0,5,6
2017-06-11,83,68.0,62.0,29.9,7.0,6,6
2017-06-12,85,68.0,62.0,29.89,7.0,0,6
2017-06-13,87,71.0,63.0,29.87,7.0,1,6
2017-06-14,87,71.0,63.0,29.9,8.0,2,6
2017-06-15,88,71.0,65.0,29.92,7.0,3,6
2017-06-16,88,70.0,60.0,29.82,7.0,4,6
2017-06-17,89,72.0,61.0,29.73,8.0,5,6
2017-06-18,89,71.0,60.0,29.75,7.0,6,6
2017-06-19,84,72.0,72.0,29.92,4.0,0,6
2017-06-20,87,69.0,60.0,29.92,5.0,1,6
2017-06-21,86,64.0,54.0,29.79,6.0,2,6
2017-06-22,88,67.0,54.0,29.67,5.0,3,6
2017-06-23,91,72.0,63.0,29.76,7.0,4,6
2017-06-24,79,71.0,70.0,30.02,5.0,5,6
2017-06-25,83,71.0,67.0,30.11,5.0,6,6
2017-06-26,82,72.0,74.0,30.08,2.0,0,6
2017-06-27,81,72.0,75.0,30.0,3.0,1,6
2017-06-28,82,70.0,70.0,29.91,4.0,2,6
2017-06-29,87,73.0,68.0,29.85,6.0,3,6
2017-06-30,89,73.0,64.0,29.88,8.0,4,6
2017-07-01,89,72.0,62.0,30.02,7.0,5,7
2017-07-02,89,72.0,63.0,30.06,6.0,6,7
2017-07-03,88,71.0,62.0,30.0,7.0,0,7
2017-07-04,90,72.0,60.0,29.97,7.0,1,7
2017-07-05,89,70.0,58.0,30.01,6.0,2,7
2017-07-06,89,71.0,60.0,30.06,4.0,3,7
2017-07-07,87,71.0,61.0,30.05,3.0,4,7
2017-07-08,88,67.0,59.0,30.02,3.0,5,7
2017-07-09,89,67.0,56.0,29.99,4.0,6,7
2017-07-10,88,65.0,57.0,29.95,5.0,0,7
2017-07-11,89,69.0,58.0,29.96,7.0,1,7
2017-07-12,89,70.0,59.0,29.99,6.0,2,7
2017-07-13,90,70.0,59.0,30.06,3.0,3,7
2017-07-14,89,69.0,58.0,30.07,4.0,4,7
2017-07-15,87,70.0,65.0,30.01,3.0,5,7
2017-07-16,84,69.0,67.0,29.93,3.0,6,7
2017-07-17,88,71.0,63.0,29.9,3.0,0,7
2017-07-18,88,70.0,61.0,29.98,5.0,1,7
2017-07-19,89,70.0,60.0,30.07,5.0,2,7
2017-07-20,90,69.0,56.0,30.03,5.0,3,7
2017-07-21,91,68.0,56.0,29.95,5.0,4,7
2017-07-22,90,68.0,58.0,29.9,6.0,5,7
2017-07-23,90,71.0,58.0,29.88,4.0,6,7
2017-07-24,89,71.0,60.0,29.95,3.0,0,7
2017-07-25,91,71.0,61.0,30.03,7.0,1,7
2017-07-26,91,70.0,58.0,30.03,6.0,2,7
2017-07-27,89,67.0,54.0,29.97,5.0,3,7
2017-07-28,91,64.0,54.0,29.9,5.0,4,7
2017-07-29,92,64.0,51.0,29.86,4.0,5,7
2017-07-30,93,68.0,48.0,29.91,4.0,6,7
2017-07-31,88,61.0,43.0,29.97,4.0,0,7
