Date,X_1,X_2,X_3,Y
2021-01-01 00:00:00,7.056209383870656,-2.3946157476919443,1.4111720638896117,6.072765700068323
2021-01-01 01:00:00,4.188819284494101,-4.089676001078321,2.1969758907207844,2.296119174136564
2021-01-01 02:00:00,8.914951936422955,3.813953662444587,2.1395063722553895,14.868411971122931
2021-01-01 03:00:00,16.034640608671307,2.5448160309222345,1.7482893200813732,20.327745959674914
2021-01-01 04:00:00,16.130485998444257,-5.583731140946378,2.6892069346564864,13.235961792154365
2021-01-01 05:00:00,5.750146743385037,3.2810432426042224,3.0944110149793747,12.125601000968635
2021-01-01 06:00:00,13.800353670102357,5.483288629514609,3.5924634196622316,22.876105719279195
2021-01-01 07:00:00,9.053829429699892,2.8238928077517276,3.566271182317981,15.443993419769601
2021-01-01 08:00:00,8.247378630670156,2.207337060071676,1.878041154546549,12.332756845288381
2021-01-01 09:00:00,8.713461819618965,0.07219666908624855,1.7655751719869963,10.551233660692208
2021-01-01 10:00:00,5.576174284643516,-2.132728554589601,1.2330852527779286,4.676530982831843
2021-01-01 11:00:00,8.40528447887711,7.20011204055752,1.8781405262378055,17.483537045672435
2021-01-01 12:00:00,3.044150900587975,3.1023796120887464,2.8899829592319946,9.036513471908716
2021-01-01 13:00:00,-2.1014903850538897,3.7388196365558493,2.232031914470826,3.8693611659727853
2021-01-01 14:00:00,-3.2245470690182945,11.930884747676533,2.7004171487478774,11.406754827406116
2021-01-01 15:00:00,-5.736370502368404,8.058325192590127,4.436296146433591,6.758250836655314
2021-01-01 16:00:00,-2.6839377452139592,7.116500585760629,3.768583425863032,8.201146266409701
2021-01-01 17:00:00,-10.479891317953884,6.506449076483959,5.450505165936169,1.477062924466244
2021-01-01 18:00:00,-8.747729193396395,12.314877461650426,4.5979193187655225,8.165067587019553
2021-01-01 19:00:00,-13.075641220097584,13.401231342445989,4.620879074373474,4.946469196721879
2021-01-01 20:00:00,-18.872213301180707,10.519747823627307,4.609733462531633,-3.742732015021767
2021-01-01 21:00:00,-4.456593430104035,9.399966177457172,4.621232362401695,9.564605109754833
2021-01-01 22:00:00,-1.5422552045619815,-1.0478935665263158,3.7835543204937503,1.193405549405453
2021-01-01 23:00:00,-5.556850532650984,8.074604888388556,3.1923712167293203,5.710125572466893
2021-01-02 00:00:00,9.079018495950429,7.297887007905482,2.524650930369921,18.90155643422583
2021-01-02 01:00:00,-3.2292722473698565,8.421790715208958,2.851613525774378,8.04413199361348
2021-01-02 02:00:00,5.183034069205777,12.03457209245002,3.1816486402846897,20.399254801940486
2021-01-02 03:00:00,6.322332411762132,-2.491466676475385,5.4075929720229485,9.238458707309697
2021-01-02 04:00:00,14.791370895278213,6.3830058239636465,6.77858197831407,27.95295869755593
2021-01-02 05:00:00,15.536693342491821,9.920771354809144,6.268738736175591,31.726203433476556
2021-01-02 06:00:00,10.619789702787665,7.142306494813142,6.593608351971777,24.355704549572586
2021-01-02 07:00:00,11.171908341299378,3.497998106194725,7.590726332763536,22.260632780257637
2021-01-02 08:00:00,5.10911104732394,12.784591434029224,7.621328157102054,25.515030638455215
2021-01-02 09:00:00,-0.8521180610302244,10.546320926468189,7.551686578655119,17.245889444093084
2021-01-02 10:00:00,3.608351402695403,5.67130977608347,7.603261521425008,16.88292270020388
2021-01-02 11:00:00,3.2135863274411456,10.918527080953979,8.470538150233436,22.60265155862856
2021-01-02 12:00:00,4.9211627229108865,13.03562197001742,7.622217627428204,25.57900232035651
2021-01-02 13:00:00,2.221328944112444,9.846835317530326,7.296548158608029,19.3647124202508
2021-01-02 14:00:00,-6.549307269631801,13.090567475975273,7.766981303454512,14.308241509797984
2021-01-02 15:00:00,-8.280278814166808,10.250162799579071,8.078428375008667,10.04831236042093
2021-01-02 16:00:00,-12.85446589811275,8.391122041194384,8.318011134865058,3.8546672779466924
2021-01-02 17:00:00,-15.339330011606577,5.355324982284333,7.948209968561255,-2.0357950607609894
2021-01-02 18:00:00,-16.82508076250005,9.656276932113549,8.920745757703791,1.75194192731729
2021-01-02 19:00:00,-1.856156681963526,10.770178800067072,11.054614004908329,19.968636123011876
2021-01-02 20:00:00,-10.698862764851004,13.475369018161125,11.461029498584535,14.237535751894656
2021-01-02 21:00:00,-8.82336501831023,9.476692224983518,11.267852797034696,11.921180003707983
2021-01-02 22:00:00,-10.011181440199719,11.71797068713525,12.023593085929239,13.73038233286477
2021-01-02 23:00:00,0.5217709723024133,5.9672166773979685,11.484460449176249,17.97344809887663
2021-01-03 00:00:00,-6.455591390231811,6.618762498508136,10.734770104473352,10.897941212749677
2021-01-03 01:00:00,1.7372293301693253,9.217701066783132,10.767578852087064,21.722509249039522
2021-01-03 02:00:00,1.4181337552252877,5.337214201921351,8.18478221911712,14.940130176263757
2021-01-03 03:00:00,8.618677803302514,12.7198246523824,7.0308318554651095,28.369334311150023
2021-01-03 04:00:00,6.617033487568886,11.161258803716471,6.6828699995442635,24.46116229082962
2021-01-03 05:00:00,4.936729526401029,10.282005616269576,5.32948114139655,20.548216284067156
2021-01-03 06:00:00,9.88727108664538,10.36530517988797,4.29683803950442,24.549414306037775
2021-01-03 07:00:00,11.372585745012355,16.92532818098529,3.860089702046413,32.15800362804406
2021-01-03 08:00:00,8.926322927377065,6.784797285977203,2.2171244085158035,17.92824462187007
2021-01-03 09:00:00,8.280955402824612,-0.33852314971938924,1.8110526122559716,9.753484865361195
2021-01-03 10:00:00,2.4627116252761616,9.05958853074581,1.275782447723127,12.7980826037451
2021-01-03 11:00:00,1.1372257870766753,7.843563633820018,1.301187656108143,10.281977077004836
2021-01-03 12:00:00,-2.68984179110378,5.748238654638686,2.455371686602162,5.513768550137068
2021-01-03 13:00:00,-4.026403097187364,3.6643977940194494,2.627876103095028,2.2658707999271135
2021-01-03 14:00:00,-8.252585128177806,5.57376063108967,2.648938124437092,-0.029886372651043658
2021-01-03 15:00:00,-13.97619822119216,7.796421528736761,2.7483925814678036,-3.4313841109875955
2021-01-03 16:00:00,-7.950549468829365,4.79046057513904,2.9757853565889323,-0.18430353710139302
2021-01-03 17:00:00,-11.26638200772373,16.172688830956204,1.9590467079791634,6.865353531211638
2021-01-03 18:00:00,-16.520793387864178,2.3928804920547435,1.8442713832083653,-12.283641512601069
2021-01-03 19:00:00,-7.808129240787588,2.765732404904329,2.1530226250449784,-2.889374210838281
2021-01-03 20:00:00,-12.28944749537737,-3.521279579421895,0.7822626425019179,-15.028464432297348
2021-01-03 21:00:00,-6.8632862286809315,6.326258425239515,1.647915565317771,1.1108877618763544
2021-01-03 22:00:00,-2.0836377512898845,-3.0656265111990413,2.729291599775961,-2.4199726627129645
2021-01-03 23:00:00,-2.0722588079955866,2.5148677492326126,2.097915611326572,2.540524552563598
2021-01-04 00:00:00,4.557602738173196,3.2361552529333544,1.8565778198734675,9.650335810980017
2021-01-04 01:00:00,-2.35111283038943,1.160008379809856,0.9783874770633944,-0.2127169735161799
2021-01-04 02:00:00,6.609366564710184,10.608900953481992,1.6777679606512115,18.89603547884339
2021-01-04 03:00:00,4.331827448104199,7.280368184813668,0.6165456732053023,12.228741306123169
2021-01-04 04:00:00,5.1770654411168495,8.224099249315344,0.39406866296238197,13.795233353394575
2021-01-04 05:00:00,7.343859603833019,-0.9414848231744686,-0.4648512448452896,5.937523535813262
2021-01-04 06:00:00,8.75378987149051,6.739585597621419,-0.4138969678340001,15.079478501277928
2021-01-04 07:00:00,9.883919631809666,3.8431198570049943,-2.208126239323721,11.51891324949094
2021-01-04 08:00:00,3.9996546747109774,4.5760464564691254,-0.8816645969580275,7.694036534222076
2021-01-04 09:00:00,10.674373759682236,5.237400076164148,-1.8462710211642914,14.065502814682093
2021-01-04 10:00:00,6.862649758921873,-2.8877520479719703,-1.7863763380480153,2.1885213729018878
2021-01-04 11:00:00,-3.556784294083665,-1.3233585411483515,-1.9988993828183246,-6.8790422180503406
2021-01-04 12:00:00,5.953008775182408,3.4503840453138057,-2.761013894740823,6.6423789257553905
2021-01-04 13:00:00,4.995366253097154,-10.996388314662987,-3.648794031376758,-9.649816092942592
2021-01-04 14:00:00,-0.28488171536138474,5.306011394428577,-2.7123954878242986,2.3087341912428934
2021-01-04 15:00:00,-7.790767155114854,1.0928834957972586,-3.2380360809262383,-9.935919740243833
2021-01-04 16:00:00,-12.943264523886548,-1.673238504402684,-2.9668658962889274,-17.58336892457816
2021-01-04 17:00:00,-5.441451355166126,-0.9770854486004543,-3.7683627816833023,-10.186899585449883
2021-01-04 18:00:00,-11.612707787892719,-6.344950472799049,-4.415544213531063,-22.37320247422283
2021-01-04 19:00:00,-4.769477981360977,-3.9879639093816266,-3.943297063443214,-12.700738954185818
2021-01-04 20:00:00,-7.827154125536962,1.4535856087724515,-3.012888567332098,-9.386457084096609
2021-01-04 21:00:00,-3.164511665930637,1.8892972697532153,-3.188204969659118,-4.46341936583654
2021-01-04 22:00:00,-3.574534411302427,7.131485966590368,-4.610124841299555,-1.053173286011614
2021-01-04 23:00:00,0.23810222174256124,-4.294618908319072,-2.6121687615495506,-6.6686854481260625
2021-01-05 00:00:00,0.042000082883272116,-6.973049258395594,-3.46871806978376,-10.399767245296083
2021-01-05 01:00:00,9.731672426648519,-6.729622146490575,-5.010305469455547,-2.0082551892976035
2021-01-05 02:00:00,5.507648370814465,-9.07216750114946,-2.415880881687395,-5.98040001202239
2021-01-05 03:00:00,8.679025265644256,-5.631739788916771,-2.8199131755383324,0.22737230118915308
2021-01-05 04:00:00,16.192856826069395,-4.102270860587148,-4.28164586379974,7.8089401016825075
2021-01-05 05:00:00,4.268222018320887,-6.075170977862832,-4.965085630588423,-6.772034590130367
2021-01-05 06:00:00,4.918060006057066,-1.849510635924144,-4.597540734566153,-1.5289913644332316
2021-01-05 07:00:00,13.53684509552273,-7.459737318159358,-4.407229176972214,1.6698786003911588
2021-01-05 08:00:00,3.9677604173877636,-8.191529987703449,-5.258958374225804,-9.48272794454149
2021-01-05 09:00:00,14.84555255446266,-9.396141719306778,-3.4362347740978443,2.0131760610580383
2021-01-05 10:00:00,3.345524076961046,-13.861056823236243,-3.9578144520912173,-14.473347198366413
2021-01-05 11:00:00,-0.4016287947377988,-13.850788128688347,-5.1425010425027695,-19.394917965928915
2021-01-05 12:00:00,7.691768105921585,-12.534946547231048,-4.1818076440421095,-9.024986085351571
2021-01-05 13:00:00,3.3338687147125206,-2.840265511007642,-2.852744797502427,-2.3591415937975486
2021-01-05 14:00:00,2.4702358417062946,-4.6813466516002284,-3.6702378951186536,-5.881348705012588
2021-01-05 15:00:00,-3.446889178763907,-2.967385726710881,-5.0715851881579646,-11.485860093632752
2021-01-05 16:00:00,-12.105156778063185,-13.989100656222396,-4.04114692074236,-30.13540435502794
2021-01-05 17:00:00,-2.0189984504945357,-16.71565269419018,-6.088470533800322,-24.823121678485037
2021-01-05 18:00:00,-11.072013483805522,-11.649913959560521,-7.3150921931969375,-30.03701963656298
2021-01-05 19:00:00,-6.449432679705115,-8.462346745515651,-6.347646043146702,-21.259425468367468
2021-01-05 20:00:00,-4.871246166749412,-7.313976386802733,-6.402998591169092,-18.588221144721235
2021-01-05 21:00:00,-7.691108184228827,-5.246944679211463,-6.666935939761779,-19.60498880320207
2021-01-05 22:00:00,-2.5436825186157144,-8.418609374632549,-6.314119333267401,-17.276411226515663
2021-01-05 23:00:00,1.1006362352408736,-2.6885831402681584,-6.4668937568128095,-8.054840661840094
2021-01-06 00:00:00,1.50570212462247,-10.639701845611519,-7.7655804789759,-16.899580199964948
2021-01-06 01:00:00,-1.809412711311602,-13.477981604500068,-6.489505132969712,-21.776899448781382
2021-01-06 02:00:00,6.192952696824208,-16.61318112422902,-5.164491080082897,-15.584719507487709
2021-01-06 03:00:00,12.37661139861357,-13.493007531314225,-4.959158516304937,-6.075554649005593
2021-01-06 04:00:00,5.881982598918912,-9.00356612787131,-4.914024500872927,-8.035608029825324
2021-01-06 05:00:00,9.060720101579996,-13.54788807729851,-2.5743996948528687,-7.061567670571382
2021-01-06 06:00:00,8.25938579311345,-6.253030145858972,-2.8508325398687058,-0.8444768926142272
2021-01-06 07:00:00,17.056313176808064,-4.343696223734213,-3.110409521702745,9.602207431371106
2021-01-06 08:00:00,11.349433065894146,-19.450385592718213,-2.7459282724622396,-10.846880799286307
2021-01-06 09:00:00,8.700915156829932,-6.480912896941834,-1.2746063163199013,0.9453959435681973
2021-01-06 10:00:00,1.9203357022187415,-18.846724496898233,0.3181644380975823,-16.608224356581907
2021-01-06 11:00:00,4.745187216192538,-8.219668511971733,0.05959180642081108,-3.4148894893583837
2021-01-06 12:00:00,-2.6973306426294554,-4.849796865043598,0.3679230523801563,-7.179204455292897
2021-01-06 13:00:00,-2.4608682179277697,-9.399833837516377,-1.010160414683921,-12.870862470128067
2021-01-06 14:00:00,-7.5433843135155065,-14.674484750678364,-1.3221365226001338,-23.540005586794003
2021-01-06 15:00:00,-4.365334632079472,-11.780558120194767,-2.1624269180794404,-18.30831967035368
2021-01-06 16:00:00,-6.353890771384592,-10.355319269285644,-3.169258670378424,-19.87846871104866
2021-01-06 17:00:00,-10.49245328520265,-9.894601693859535,-1.4876819541110964,-21.87473693317328
2021-01-06 18:00:00,-8.41597314935342,-9.82127604209086,-2.2799686159172414,-20.51721780736152
2021-01-06 19:00:00,-14.031504297812711,-9.280685052283351,-2.8115745239286962,-26.12376387402476
2021-01-06 20:00:00,-14.625284408666847,-7.80633384220371,-2.445725736011838,-24.877343986882394
2021-01-06 21:00:00,-5.3135010068073685,-13.301536607215727,-1.1479004690382526,-19.762938083061346
2021-01-06 22:00:00,-4.333306018509921,-9.230467062640825,-0.6667853426494172,-14.230558423800163
2021-01-06 23:00:00,-0.04806470345681069,-1.9729331162438601,2.092569771372165,0.0715719516714941
2021-01-07 00:00:00,9.532579099455754,-9.35689651725037,2.0179017931210153,2.1935843753263997
2021-01-07 01:00:00,6.366108398986794,-9.355061604075319,2.2766182333507614,-0.712334971737763
2021-01-07 02:00:00,1.3487110982233168,-3.017729503441311,2.552218907334818,0.8832005021168237
2021-01-07 03:00:00,11.539132964248857,-17.30780647724186,3.9872682941239725,-1.7814052188690317
2021-01-07 04:00:00,3.3966243957982885,-2.076212972556048,4.494507245233588,5.814918668475828
2021-01-07 05:00:00,7.812919843631843,-9.05048914480188,4.378277544846439,3.1407082436764027
2021-01-07 06:00:00,9.727033578701475,-5.579183728776991,3.430788949939559,7.578638799864043
2021-01-07 07:00:00,16.512629149488163,-5.5529164320502264,3.6752324059011916,14.634945123339127
2021-01-07 08:00:00,5.681234749650647,-1.8633281037546445,5.076577237193151,8.894483883089153
2021-01-07 09:00:00,3.765313657229435,-6.390699750094758,4.666195443535281,2.040809350669957
2021-01-07 10:00:00,4.606189902298279,-7.712103126257798,5.1951390619518625,2.089225837992344
2021-01-07 11:00:00,-0.0657226944231577,0.5186968798737759,5.441286850636707,5.894261036087325
2021-01-07 12:00:00,4.506543688426079,-13.795532659740303,6.304806509018022,-2.984182462296202
2021-01-07 13:00:00,-6.907916484478865,-3.917583516376433,5.500052768380153,-5.325447232475145
2021-01-07 14:00:00,-9.58987460964439,-9.045111934180431,7.846699798906714,-10.788286744918109
2021-01-07 15:00:00,-8.822347990843156,-6.349084172577909,6.567538691878456,-8.603893471542609
2021-01-07 16:00:00,-10.652383840613576,5.09747498174351,6.2019876018924185,0.6470787430223526
2021-01-07 17:00:00,-1.9411300476227273,-2.766572156848635,7.140080142798064,2.4323779383267023
2021-01-07 18:00:00,-6.202316772296957,-1.4449305509576218,7.436813315292177,-0.21043400796240164
2021-01-07 19:00:00,-9.309053297349925,-8.985367494451507,8.26679947437328,-10.027621317428151
2021-01-07 20:00:00,-13.561996113165097,-4.406601296940527,7.770697140390719,-10.197900269714903
2021-01-07 21:00:00,-3.6936159062593306,-0.3334151581179412,7.695892157710378,3.6688610933331063
2021-01-07 22:00:00,-9.000861389558299,0.6717298365886333,7.708124141349195,-0.6210074116204698
2021-01-07 23:00:00,-8.767274838135684,2.0936342748098595,9.277383755885099,2.603743192559275
2021-01-08 00:00:00,4.75211916940919,0.03451159567030284,9.967812780268147,14.754443545347641
2021-01-08 01:00:00,3.8559608987245353,2.4819287765818983,10.764484888632818,17.10237456393925
2021-01-08 02:00:00,8.683435295123225,2.562428586406979,10.106558796096023,21.352422677626226
2021-01-08 03:00:00,8.34597842363753,-6.19931688298505,11.075441434659073,13.222102975311552
2021-01-08 04:00:00,12.087576485455136,1.6384455494023458,11.301023098227876,25.02704513308536
2021-01-08 05:00:00,7.055155889690091,4.930725702559961,12.690168413905804,24.676050006155855
2021-01-08 06:00:00,5.863028632862141,4.58472862250122,14.704228568824272,25.151985824187634
2021-01-08 07:00:00,12.385636336017205,1.1327552111420514,14.397462792797267,27.915854339956525
2021-01-08 08:00:00,5.4466153811490425,-0.27495428604842864,13.991159662352205,19.16282075745282
2021-01-08 09:00:00,4.312868700864692,-1.1704570777348606,13.127114671249835,16.269526294379666
2021-01-08 10:00:00,3.177869985930699,3.129194197498304,12.983535159533515,19.29059934296252
2021-01-08 11:00:00,2.658107087125501,8.531239761436298,12.601509710583132,23.79085655914493
2021-01-08 12:00:00,-1.4159756450138818,-3.4683790147508295,12.961014110154142,8.076659450389432
2021-01-08 13:00:00,-8.087995624697244,2.033119363812631,12.816447293220406,6.761571032335793
2021-01-08 14:00:00,-7.574473611331541,0.4407901782929038,12.454848012438786,5.321164579400149
2021-01-08 15:00:00,-15.964680420763123,8.460150850115363,13.519433148566637,6.0149035779188775
2021-01-08 16:00:00,-6.159328233735604,3.4159620743510195,12.581552917415186,9.838186758030602
2021-01-08 17:00:00,-16.067488885317662,4.05565122311585,13.01466087056653,1.0028232083647186
2021-01-08 18:00:00,-14.417533357713802,5.3670997388407375,12.608719143378046,3.5582855245049814
2021-01-08 19:00:00,-9.450597945846791,8.304447116360404,13.33308764824801,12.186936818761623
2021-01-08 20:00:00,-11.61850602340968,5.232171385110647,14.71834919497024,8.332014556671208
2021-01-08 21:00:00,-0.8990094302385767,-5.113504407334233,14.415250941546168,8.402737103973358
2021-01-08 22:00:00,-10.171427638893837,9.503766283848345,14.856283848819318,14.188622493773826
2021-01-08 23:00:00,-1.519986973628509,9.335889062142702,15.035076714552497,22.85097880306669
2021-01-09 00:00:00,-0.157131272910002,6.940150711355443,14.2356543150094,21.01867375345484
2021-01-09 01:00:00,-2.0841835399396555,3.7098313149789472,14.476441824751339,16.10208959979063
2021-01-09 02:00:00,7.093106642126962,9.66950818588538,14.76556233003015,31.528177158042492
2021-01-09 03:00:00,6.3848824869764504,9.984184126425191,15.178433150476325,31.547499763877966
2021-01-09 04:00:00,11.74741624269904,6.78012250704089,14.98003425365628,33.50757300339621
2021-01-09 05:00:00,12.953274878745585,7.9742280527439435,15.074226553966426,36.001729485455954
2021-01-09 06:00:00,18.65294379712276,5.289062668926909,13.92661560912329,37.86862207517296
2021-01-09 07:00:00,15.005370060636265,8.451266190350447,13.568501533643433,37.02513778463015
2021-01-09 08:00:00,7.183526686074634,3.107020106108119,14.124464213353232,24.415011005535984
2021-01-09 09:00:00,6.11355110156179,11.10810858721102,15.016938100684762,32.23859778945757
2021-01-09 10:00:00,9.398638383548526,5.7782540945642324,14.59462327655949,29.77151575467225
2021-01-09 11:00:00,5.209245373915667,10.61167085421993,14.699337305992774,30.520253534128372
2021-01-09 12:00:00,2.5605261043904246,4.12542745674664,14.927390631116841,21.613344192253905
2021-01-09 13:00:00,-9.056014628268505,7.465434148854723,15.128870577821274,13.538290098407494
2021-01-09 14:00:00,-5.09730449759572,9.446350641987575,15.669644163121665,20.01869030751352
2021-01-09 15:00:00,-10.023191448688172,3.294322851455372,13.851566532738095,7.122697935505296
2021-01-09 16:00:00,-7.540555641671401,10.43262946437217,13.802242462590522,16.69431628529129
2021-01-09 17:00:00,-10.0518598214625,8.476416796364294,14.041276063837287,12.465833038739081
2021-01-09 18:00:00,-6.359284367629632,3.0305752087630777,13.040945714883582,9.712236556017029
2021-01-09 19:00:00,-8.3903854021255,4.780036031434722,14.714931421894292,11.104582051203515
2021-01-09 20:00:00,-5.514942189408522,12.392518308140467,14.87649068913246,21.754066807864405
2021-01-09 21:00:00,-8.936744198809295,13.519346041137721,16.43989543416139,21.022497276489815
2021-01-09 22:00:00,-8.777785023673045,9.360673703131418,15.649372412328312,16.232261091786683
2021-01-09 23:00:00,-4.228389223835437,11.444711980494873,14.742072290802984,21.958395047462417
2021-01-10 00:00:00,-0.06808165544585547,10.644653375069879,14.966324511768665,25.54289623139269
2021-01-10 01:00:00,4.104797393245459,10.977750191401636,13.287636148940008,28.370183733587105
2021-01-10 02:00:00,14.037235802763353,14.699664086182576,13.502601739566101,42.23950162851203
2021-01-10 03:00:00,6.902039205222869,3.4108397102265844,13.599820971569018,23.91269988701847
2021-01-10 04:00:00,4.836474035873262,12.014580415888535,14.61548625311112,31.46654070487292
2021-01-10 05:00:00,8.275331160093113,7.6375867363884815,15.316527594276216,31.22944549075781
2021-01-10 06:00:00,8.145616101415623,8.11265294201763,14.899050244391182,31.157319287824436
2021-01-10 07:00:00,11.585184157984548,7.632155013225821,13.801553589620937,33.01889276083131
2021-01-10 08:00:00,2.4970659800659094,7.1596655711992465,15.513858810964233,25.17059036222939
2021-01-10 09:00:00,7.324115788666824,3.5624572251507622,14.721743790399083,25.60831680421667
2021-01-10 10:00:00,5.626026151861579,8.995744540190351,13.676219233329617,28.297989925381547
2021-01-10 11:00:00,3.5169145958263814,14.729749928822113,12.59136317386817,30.838027698516665
2021-01-10 12:00:00,-2.3892642758613922,7.5937827428852716,13.708668489404836,18.913186956428717
2021-01-10 13:00:00,-3.539877369969193,7.574177060514151,13.189768284979984,17.22406797552494
2021-01-10 14:00:00,-10.696243635930038,4.581322569671604,12.436063818799383,6.321142752540949
2021-01-10 15:00:00,-9.044347345314192,6.601169626193025,12.57375364470273,10.130575925581564
2021-01-10 16:00:00,-10.831699941911221,8.666393081845316,12.366808934145439,10.201502074079533
2021-01-10 17:00:00,-7.995058077844966,5.04190434996384,11.688713473359192,8.735559745478065
2021-01-10 18:00:00,-14.62472972728765,4.419681854379334,12.442704940337672,2.237657067429355
2021-01-10 19:00:00,-6.534465856050736,7.551260016388009,13.508020432435666,14.52481459277294
2021-01-10 20:00:00,-2.682315859878953,1.9611815013600316,14.493337941375533,13.772203582856612
2021-01-10 21:00:00,-15.351007911919654,6.330307273460852,15.260257611036732,6.23955697257793
2021-01-10 22:00:00,-3.2949650768876424,8.281287189045685,15.662883142166766,20.64920525432481
2021-01-10 23:00:00,0.1194416890957366,10.112480449448558,13.886995142204938,24.118917280749233
2021-01-11 00:00:00,-2.5497481022090116,3.977309362067797,15.556245948581907,16.98380720844069
2021-01-11 01:00:00,0.999103193709939,9.46930920242427,15.85823515893946,26.32664755507367
2021-01-11 02:00:00,4.46847768965212,7.791049789590015,16.4663915865401,28.725919065782236
2021-01-11 03:00:00,5.879904294258526,-0.6820599419325988,17.581353909487504,22.77919826181343
2021-01-11 04:00:00,7.424202161655879,-1.9242023022635637,19.014706412369495,24.51470627176181
2021-01-11 05:00:00,2.955243037570771,1.368335899607526,19.43310442367869,23.756683360856986
2021-01-11 06:00:00,14.60932625913248,6.3409513099425645,19.868650582974343,40.81892815204939
2021-01-11 07:00:00,13.977732631038002,1.5699680413891326,19.269426305514624,34.81712697794176
2021-01-11 08:00:00,5.4067970010276,-0.9122075688694176,19.302516056653385,23.797105488811567
2021-01-11 09:00:00,1.2053705006554942,7.328617481227317,18.44835479583903,26.98234277772184
2021-01-11 10:00:00,7.084259505811051,1.8949188878776257,17.728414263697136,26.707592657385813
2021-01-11 11:00:00,0.2850385717730166,-8.90846516039971,16.834839861382946,8.211413272756253
2021-01-11 12:00:00,0.567812653283251,1.2686425051707588,16.67881597038566,18.51527112883967
2021-01-11 13:00:00,-3.8655041196055433,1.7062505155202217,17.72790915830567,15.56865555422035
2021-01-11 14:00:00,-2.233844995719164,0.15513368202016442,20.89888393159585,18.82017261789685
2021-01-11 15:00:00,-4.292071237241439,0.6792036398948864,21.088383569143765,17.475515971797215
2021-01-11 16:00:00,-11.562643551698688,-1.7595250974536736,19.739970481387644,6.417801832235282
2021-01-11 17:00:00,-15.192714084470872,-7.132699550208082,21.0049538112439,-1.3204598234350513
2021-01-11 18:00:00,-16.331753589340327,-3.7080253524449542,20.704169934767872,0.6643909929825931
2021-01-11 19:00:00,-7.217740746461889,-6.3706536332503845,20.04356134079088,6.455166961078607
2021-01-11 20:00:00,-13.415691068980511,-6.678515387286561,20.253410818713935,0.15920436244686087
2021-01-11 21:00:00,-9.098333229060275,-8.355064015960778,19.012786219157707,1.559388974136656
2021-01-11 22:00:00,-7.385256153802143,-1.8434538731053665,19.235249383166312,10.006539356258804
2021-01-11 23:00:00,-2.798459636103433,-3.6073356615469003,19.146873859967158,12.741078562316826
2021-01-12 00:00:00,-7.7451192233861255,-6.13149884189841,19.245251766782633,5.368633701498098
2021-01-12 01:00:00,3.34330483820051,-7.270037993652182,19.626668020991804,15.699934865540133
2021-01-12 02:00:00,7.095564095336763,-5.093692420085816,19.694160278232612,21.69603195348356
2021-01-12 03:00:00,7.424756160044033,-1.003541852703414,19.710498362345504,26.131712669686124
2021-01-12 04:00:00,7.416709351050481,-13.650063442631883,19.99481288134345,13.761458789762049
2021-01-12 05:00:00,10.048858927965792,-4.430695772331445,20.410213507514577,26.028376663148926
2021-01-12 06:00:00,11.59618538256052,-8.417745914658463,19.37873104719932,22.557170515101376
2021-01-12 07:00:00,-1.4311127628159017,-14.061217492699011,17.948739788513873,2.4564095329989595
2021-01-12 08:00:00,16.483903270847225,-14.584539710365036,17.88710173634166,19.78646529682385
2021-01-12 09:00:00,8.631441102617208,-10.722201788406647,16.454366246407552,14.363605560618113
2021-01-12 10:00:00,2.3903656704520007,-6.452480495126084,16.541897717329224,12.479782892655141
2021-01-12 11:00:00,1.0243769502749474,-6.007465495534163,17.480644593011533,12.497556047752317
2021-01-12 12:00:00,1.9749671093968175,-11.574241115391438,18.087756264927577,8.488482258932958
2021-01-12 13:00:00,-3.052606207162558,-3.977893832013712,17.039585858102104,10.009085818925833
2021-01-12 14:00:00,-13.122737871125949,-2.570453757095529,16.179323406144587,0.48613177792310935
2021-01-12 15:00:00,1.1869036335718661,-6.882895652456603,16.507624701145343,10.811632682260605
2021-01-12 16:00:00,-9.102416666774204,-11.025864709076831,16.106326896011833,-4.021954479839202
2021-01-12 17:00:00,-5.578567416027468,-4.343477197004625,15.789671600959727,5.867626987927634
2021-01-12 18:00:00,-12.768199391137564,-5.988105896370835,16.38657808220768,-2.3697272053007197
2021-01-12 19:00:00,-3.513750045907501,-5.695992913280095,15.399291388750028,6.189548429562432
2021-01-12 20:00:00,-7.514879282275311,-11.934592186328173,14.998056678838845,-4.451414789764639
2021-01-12 21:00:00,-4.635692473963775,-20.777051324182487,14.197974202754244,-11.214769595392019
2021-01-12 22:00:00,-9.18101346458787,-1.0885639719267068,13.154844704718888,2.885267268204311
2021-01-12 23:00:00,2.2563907077054846,-16.102771876690415,12.297766516047723,-1.5486146529372071
2021-01-13 00:00:00,2.7592726581391243,-9.89235140925912,12.975228685394134,5.842149934274138
2021-01-13 01:00:00,7.795575369285118,-0.3026833274538827,13.027049074876555,20.51994111670779
2021-01-13 02:00:00,2.487649761433561,-8.56600123715379,12.14788844604148,6.06953697032125
2021-01-13 03:00:00,5.146959338022285,-6.140136204699482,11.916786838448482,10.923609971771285
2021-01-13 04:00:00,17.8759208285801,-15.981624249338651,10.277979531326304,12.172276110567752
2021-01-13 05:00:00,5.419194972004487,-17.10367486681881,9.544666723742639,-2.139813171071685
2021-01-13 06:00:00,9.456201197286717,-12.130811167918218,11.694241258609924,9.019631287978424
2021-01-13 07:00:00,14.2068237133015,-5.630008110145985,11.603997408944174,20.18081301209969
2021-01-13 08:00:00,9.051153908703837,-11.357035762401042,12.335656335974567,10.029774482277363
2021-01-13 09:00:00,9.402882530878728,-13.11566738321842,12.270167960830085,8.557383108490392
2021-01-13 10:00:00,3.4022038829485206,-9.096439102471416,12.618337196071893,6.9241019765489975
2021-01-13 11:00:00,4.068414002415361,-5.497923858423821,13.281595285751067,11.852085429742607
2021-01-13 12:00:00,-5.2261074069411295,-15.529039918111724,12.176978688224596,-8.578168636828257
2021-01-13 13:00:00,4.044332267447594,-14.501430239384085,12.146042430950637,1.6889444590141451
2021-01-13 14:00:00,-5.472656180514186,-12.71040507589887,13.724907625367125,-4.4581536310459295
2021-01-13 15:00:00,-9.791780627852862,-5.060279804235309,12.929407075313835,-1.9226533567743367
2021-01-13 16:00:00,-5.994721709716689,-8.369451382647116,12.362967221581615,-2.00120587078219
2021-01-13 17:00:00,-11.50213741244486,-0.6370089164179884,12.055275944214612,-0.08387038464823604
2021-01-13 18:00:00,-15.337033885611014,-5.2639057756997305,12.32430001739086,-8.276639643919884
2021-01-13 19:00:00,-15.046128286080931,-8.981534642524776,12.849217881036742,-11.178445047568966
2021-01-13 20:00:00,-5.885161427083866,-3.599942685489318,14.116629535855399,4.6315254232822145
2021-01-13 21:00:00,-7.709361564450596,-7.621253941355326,14.616127769324057,-0.7144877364818658
2021-01-13 22:00:00,-5.5348062386738714,-11.082073153189729,14.554074643525723,-2.062804748337875
2021-01-13 23:00:00,1.7227847728797987,-5.326078420686276,15.813241773136538,12.20994812533006
2021-01-14 00:00:00,-4.507303235027077,-10.603621440124634,16.51735279527812,1.4064281201264102
2021-01-14 01:00:00,-0.3345205604342456,-8.74130563466999,15.021673279021105,5.945847083916869
2021-01-14 02:00:00,3.460480763274834,-2.0193879344663257,17.548041519377104,18.989134348185612
2021-01-14 03:00:00,7.4484741691336795,-7.47619375673507,19.31796290757384,19.29024331997245
2021-01-14 04:00:00,8.491568232682049,-10.014292927075706,19.149748684806767,17.627023990413107
2021-01-14 05:00:00,8.511709493331026,-8.38022487852318,19.527658786545242,19.659143401353088
2021-01-14 06:00:00,9.75349439161741,-2.1477356762326467,20.85201753654108,28.457776251925843
2021-01-14 07:00:00,9.230037157726002,-8.148364549401924,20.679816743844196,21.761489352168276
2021-01-14 08:00:00,5.781836483637278,-7.1806839680388,21.410168534221214,20.011321049819692
2021-01-14 09:00:00,3.8190958576491956,-7.361491723687877,22.51474700779269,18.972351141754007
2021-01-14 10:00:00,6.098065430895843,-4.2642980226387595,21.49992110005825,23.333688508315333
2021-01-14 11:00:00,-0.975469880956755,-6.214645324233055,20.897589246475388,13.707474041285579
2021-01-14 12:00:00,-4.629421036763346,-10.746181587065735,21.818997644285968,6.443395020456887
2021-01-14 13:00:00,-3.83735945552786,-7.547644010577561,22.279812121434798,10.894808655329378
2021-01-14 14:00:00,-5.63066806465523,-7.384566409689697,23.203608681748744,10.188374207403818
2021-01-14 15:00:00,1.9558261773274292,1.6704869182689523,23.071040667095026,26.697353762691407
2021-01-14 16:00:00,-11.479055141269246,0.3031444243271286,22.782035456140793,11.606124739198677
2021-01-14 17:00:00,-5.8862153630126866,-0.2391529334259057,20.78339598055742,14.658027684118826
2021-01-14 18:00:00,-7.011246663181472,-4.246642608620789,19.637395554049977,8.379506282247716
2021-01-14 19:00:00,-14.415038083705635,-5.122282239605021,19.68446164870847,0.14714132539781488
2021-01-14 20:00:00,-5.567242128234033,-3.5204930683911657,20.509018868272708,11.421283671647508
2021-01-14 21:00:00,-11.806590372638851,-5.32716517123977,21.040197234808403,3.906441690929782
2021-01-14 22:00:00,-15.636688951987018,9.241500630483786,20.9119552607807,14.516766939277469
2021-01-14 23:00:00,-0.16291235358780032,-9.355198536248865,20.640183694290005,11.122072804453339
2021-01-15 00:00:00,-7.023562333750912,2.2560341402952315,20.857363326928287,16.089835133472604
2021-01-15 01:00:00,4.3919282982487795,-4.764297249206843,20.935574508020437,20.563205557062375
2021-01-15 02:00:00,2.2639564090510067,0.3299269698854789,22.34012002296015,24.934003401896636
2021-01-15 03:00:00,13.709270996624921,-2.832363008941855,22.4865607934384,33.36346878112147
2021-01-15 04:00:00,12.934291635108362,-3.2200931881687778,21.0053148312411,30.719513278180685
2021-01-15 05:00:00,7.845715047485124,-2.7016691321107027,19.732756696208785,24.876802611583205
2021-01-15 06:00:00,7.248649555885271,9.245153954531373,21.251516033172365,37.745319543589005
2021-01-15 07:00:00,4.802948650514238,2.056236761786849,20.080355571722286,26.939540984023374
2021-01-15 08:00:00,6.89656350867405,-0.11525703380329633,20.84485302475582,27.626159499626574
2021-01-15 09:00:00,5.949645831127521,5.525938475883166,20.57648028954644,32.05206459655712
2021-01-15 10:00:00,3.541225822433284,3.6948075019291484,20.406721995643952,27.642755320006387
2021-01-15 11:00:00,3.2150058721147468,6.879055280564019,20.27258921287553,30.366650365554296
2021-01-15 12:00:00,2.3140859909156557,-2.9581892325757426,21.493974172334728,20.84987093067464
2021-01-15 13:00:00,-1.1895726230524573,5.887101900578634,21.301132343790762,25.99866162131694
2021-01-15 14:00:00,-8.056575695625675,8.090779348409532,21.26781306094561,21.302016713729465
2021-01-15 15:00:00,-12.82223370707167,-1.326072399304886,19.737009563546117,5.5887034571695615
2021-01-15 16:00:00,-3.2021266454344595,7.425981718329471,19.94370007525412,24.167555148149134
2021-01-15 17:00:00,-12.417055001090397,12.722928147047657,20.47474258223218,20.780615728189442
2021-01-15 18:00:00,-12.609174399740077,6.175467205168521,20.71388816288597,14.280180968314411
2021-01-15 19:00:00,-11.744015512095155,9.808497860880465,22.111784423972704,20.176266772758012
2021-01-15 20:00:00,-16.032532238471063,9.484009178952839,22.166955778752936,15.618432719234711
2021-01-15 21:00:00,-8.98296382802748,4.241045021823171,22.465933234871954,17.724014428667644
2021-01-15 22:00:00,-6.91862325603191,7.489585656644244,24.114437245140135,24.68539964575247
2021-01-15 23:00:00,-0.10675725765120703,1.3117383880081182,22.564423055781987,23.7694041861389
2021-01-16 00:00:00,2.793828596429236,6.01310267627019,22.108597707982618,30.915528980682044
2021-01-16 01:00:00,2.6032740073701266,9.108729697531633,23.534756460001883,35.24676016490364
2021-01-16 02:00:00,8.727393496457147,11.154789718111145,24.470885608312965,44.353068822881255
2021-01-16 03:00:00,8.43092774707043,8.56569049327449,25.149265707153436,42.145883947498355
2021-01-16 04:00:00,8.597525591434142,11.54018895841705,25.981916446617916,46.119630996469105
2021-01-16 05:00:00,10.302970936083549,4.429529083224617,26.308982655738937,41.04148267504711
2021-01-16 06:00:00,9.237386025674402,8.602899580804703,27.940580083271207,45.780865689750314
2021-01-16 07:00:00,8.079860206756901,9.242740096752074,28.318339253001927,45.6409395565109
2021-01-16 08:00:00,7.589319890268587,16.70710247316059,28.558206358897205,52.85462872232638
2021-01-16 09:00:00,2.55902248598548,8.58216667828334,28.717165033022848,39.85835419729167
2021-01-16 10:00:00,6.121766821265273,7.559661505884677,28.910028988573234,42.59145731572318
2021-01-16 11:00:00,-1.3843039926929608,9.744663158264876,27.753011707757366,36.11337087332928
2021-01-16 12:00:00,3.366525056294619,6.07282534233846,28.52368476222071,37.96303516085379
2021-01-16 13:00:00,-3.5860247716688773,10.596680128593748,28.393245028437384,35.403900385362256
2021-01-16 14:00:00,-4.802020073399599,8.428087396066255,30.21516012629779,33.841227448964446
2021-01-16 15:00:00,-5.095720706741579,2.7718119067676907,30.139509655709368,27.81560085573548
2021-01-16 16:00:00,-6.086996177592596,9.737691767276358,30.560427939885024,34.21112352956879
2021-01-16 17:00:00,-15.941751897424474,8.722834672163188,30.80703012614636,23.588112900885072
2021-01-16 18:00:00,-10.827614704655886,3.470306791728067,30.181473091037105,22.824165178109286
2021-01-16 19:00:00,-6.138542614567564,9.724470429425898,31.173609919555613,34.75953773441395
2021-01-16 20:00:00,-15.452677315573453,15.929461820109722,33.07867356011563,33.5554580646519
2021-01-16 21:00:00,-5.521945910285331,12.02233709203528,33.063896340455784,39.56428752220573
2021-01-16 22:00:00,-14.022256917608818,12.336017033175917,32.763417554870365,31.077177670437464
2021-01-16 23:00:00,-6.678217825567742,4.459677830000712,32.40838882381499,30.189848828247957
2021-01-17 00:00:00,0.1545222073607132,11.656872597507126,30.516026930497645,42.32742173536548
2021-01-17 01:00:00,-4.0386699582627,10.253056588410994,30.338213786794633,36.55260041694292
2021-01-17 02:00:00,1.057957049263266,11.671909011199132,30.58921190280296,43.31907796326536
2021-01-17 03:00:00,1.18372778201108,11.129347789918977,31.64396982798324,43.9570453999133
2021-01-17 04:00:00,15.252793766674564,3.869614584426788,32.60401756913317,51.72642592023452
2021-01-17 05:00:00,10.316169284839972,9.000019312467893,32.187518486696476,51.50370708400434
2021-01-17 06:00:00,12.269161111410678,5.978205237323523,31.91069549192259,50.158061840656785
2021-01-17 07:00:00,8.768557860830104,8.640817557906805,33.034600797537024,50.44397621627393
2021-01-17 08:00:00,7.246527042815622,5.070650330237061,32.861136900464146,45.17831427351683
2021-01-17 09:00:00,0.6051710572614297,13.717123460846825,32.35110736070853,46.67340187881679
2021-01-17 10:00:00,3.8326505490087017,4.826498189382579,33.7436258101428,42.40277454853408
2021-01-17 11:00:00,-0.45777839622119787,4.450209171804541,34.78121147719344,38.77364225277678
2021-01-17 12:00:00,3.4316956971694923,8.116660450854503,34.80000326896769,46.348359416991684
2021-01-17 13:00:00,1.9762170156051448,3.2713209538385444,34.20622582118902,39.45376379063271
2021-01-17 14:00:00,0.8663148622968118,5.631865508566796,32.19434550194431,38.69252587280792
2021-01-17 15:00:00,-3.660860054020425,3.751209421713626,32.78404910751904,32.87439847521224
